"age-start","age-end","municipality",2008,2009,2010,2011,2012,2013,2014,2015
18,19,"København",61.4,51.8,48.6,45.4,45.4,44.8,44.3,45.0
18,19,"Frederiksberg",59.7,50.8,45.7,46.0,43.8,43.4,43.8,46.2
18,19,"Dragør",69.3,62.8,60.9,53.6,59.2,57.3,61.3,53.4
18,19,"Tårnby",68.1,62.2,58.8,56.5,56.2,54.0,52.7,57.3
18,19,"Albertslund",65.8,55.5,47.8,49.9,45.8,44.0,45.6,49.3
18,19,"Ballerup",66.3,59.9,55.0,54.8,51.9,47.0,48.9,50.8
18,19,"Brøndby",64.1,55.1,49.9,53.0,48.3,46.4,47.6,47.9
18,19,"Gentofte",58.7,52.2,49.9,47.7,47.6,49.1,46.4,48.3
18,19,"Gladsaxe",66.7,57.3,52.3,51.6,49.2,48.9,48.3,49.3
18,19,"Glostrup",72.7,65.4,53.0,54.5,53.7,53.4,47.2,52.3
18,19,"Herlev",69.5,64.0,54.9,54.4,55.9,49.8,49.4,54.9
18,19,"Hvidovre",67.8,58.3,50.9,51.4,50.1,49.7,49.4,48.4
18,19,"Høje-Taastrup",65.6,59.5,53.5,50.1,47.7,47.4,46.8,48.3
18,19,"Ishøj",67.1,54.6,51.6,48.2,47.3,45.8,48.9,46.6
18,19,"Lyngby-Taarbæk",62.2,55.8,52.8,48.9,46.8,47.5,44.3,49.7
18,19,"Rødovre",69.0,61.2,55.2,55.8,52.9,52.2,51.8,53.8
18,19,"Vallensbæk",74.4,63.3,58.5,56.1,55.6,52.9,50.8,51.9
18,19,"Allerød",68.3,60.9,55.3,52.4,55.5,50.6,50.3,56.6
18,19,"Egedal",70.3,62.2,60.8,55.4,55.2,51.4,52.7,55.2
18,19,"Fredensborg",65.5,57.0,59.2,51.6,50.5,51.9,54.1,54.6
18,19,"Frederikssund",71.2,64.6,56.2,56.7,52.8,50.9,52.5,51.6
18,19,"Furesø",66.2,61.1,55.9,51.3,49.3,46.1,49.2,49.9
18,19,"Gribskov",69.7,63.2,58.9,60.4,51.9,51.5,51.6,51.8
18,19,"Halsnæs",69.8,56.2,49.7,49.8,48.2,46.6,49.9,47.7
18,19,"Helsingør",63.7,57.9,57.3,55.7,53.4,51.0,51.2,51.8
18,19,"Hillerød",70.6,63.7,57.6,54.9,56.0,53.4,52.2,53.8
18,19,"Hørsholm",66.0,59.7,59.6,51.9,54.1,50.5,55.6,53.7
18,19,"Rudersdal",60.8,54.3,50.5,51.9,51.1,50.8,51.0,51.6
18,19,"Bornholm",50.5,49.3,47.1,47.3,43.5,41.2,46.6,43.2
18,19,"Christiansø",0.0,0.0,50.0,100.0,50.0,50.0,0.0,50.0
18,19,"Greve",69.4,64.0,60.8,59.1,56.9,54.5,56.4,54.2
18,19,"Køge",67.1,60.4,56.1,52.1,50.5,47.9,49.7,52.0
18,19,"Lejre",64.6,59.3,52.2,51.5,47.2,47.9,48.1,49.9
18,19,"Roskilde",65.6,57.5,52.8,50.2,47.2,48.2,46.9,48.0
18,19,"Solrød",69.8,60.9,58.2,54.2,55.8,50.4,52.9,53.8
18,19,"Faxe",65.2,55.7,54.1,51.5,48.1,48.8,50.3,50.2
18,19,"Guldborgsund",61.1,54.7,49.8,47.8,46.3,45.8,46.1,44.6
18,19,"Holbæk",62.5,55.4,50.4,48.0,46.3,45.7,47.7,46.5
18,19,"Kalundborg",62.8,53.3,49.7,49.3,47.5,44.0,46.3,50.4
18,19,"Lolland",58.9,52.4,47.1,47.8,46.7,42.4,44.7,45.1
18,19,"Næstved",64.1,56.7,51.6,51.2,49.7,48.7,48.8,48.5
18,19,"Odsherred",59.1,54.9,49.4,48.2,48.2,47.1,45.1,50.3
18,19,"Ringsted",69.7,59.6,54.2,51.3,49.0,47.3,48.7,51.7
18,19,"Slagelse",61.7,54.9,50.1,49.0,47.2,45.7,49.3,48.0
18,19,"Sorø",63.9,53.4,52.2,49.6,43.4,45.4,47.2,46.7
18,19,"Stevns",62.8,60.9,56.5,53.9,49.3,53.2,53.8,52.6
18,19,"Vordingborg",55.5,50.3,48.1,48.5,44.9,43.2,44.0,43.6
18,19,"Assens",65.5,56.2,56.6,52.0,48.6,50.7,47.8,49.1
18,19,"Faaborg-Midtfyn",63.1,58.6,52.6,51.6,49.2,48.6,48.7,49.3
18,19,"Kerteminde",66.1,59.0,53.1,54.2,51.2,48.4,54.0,47.8
18,19,"Langeland",57.4,52.5,55.6,50.2,44.8,47.3,50.4,49.8
18,19,"Middelfart",69.9,62.9,55.4,56.9,56.1,53.8,51.7,50.9
18,19,"Nordfyns",66.3,60.5,58.2,56.7,54.2,47.5,49.3,51.3
18,19,"Nyborg",64.5,59.8,52.2,50.4,49.4,46.6,45.0,48.4
18,19,"Odense",60.2,51.9,47.5,45.4,43.3,42.1,41.4,41.5
18,19,"Svendborg",56.9,51.3,47.1,46.2,45.0,44.8,44.3,43.9
18,19,"Ærø",35.1,38.5,33.1,22.4,33.9,23.6,28.9,24.4
18,19,"Billund",68.6,62.9,63.9,59.4,61.3,58.2,57.2,58.1
18,19,"Esbjerg",67.1,60.4,57.4,54.9,53.0,52.6,52.9,54.6
18,19,"Fanø",71.8,69.0,76.6,61.5,50.0,70.3,55.6,46.7
18,19,"Fredericia",64.8,57.9,54.8,54.0,49.3,49.4,52.6,52.3
18,19,"Haderslev",65.1,58.4,56.2,50.6,51.1,52.4,53.2,51.2
18,19,"Kolding",70.2,62.7,59.0,57.6,55.4,53.0,54.2,54.4
18,19,"Sønderborg",66.0,57.8,55.1,52.5,50.1,50.5,50.7,50.1
18,19,"Tønder",66.3,60.8,59.3,57.3,54.1,52.5,54.1,54.5
18,19,"Varde",75.9,66.7,62.5,65.2,61.5,59.2,58.9,59.7
18,19,"Vejen",69.0,62.0,59.6,59.3,57.6,53.1,58.0,58.8
18,19,"Vejle",71.9,63.4,59.5,56.9,54.7,54.6,53.8,54.0
18,19,"Aabenraa",63.2,56.8,52.0,52.5,51.9,49.0,52.9,53.9
18,19,"Favrskov",69.2,62.2,61.9,58.4,52.5,52.4,56.3,56.0
18,19,"Hedensted",70.3,64.4,64.7,61.5,60.1,56.4,54.6,57.0
18,19,"Horsens",64.6,54.6,52.5,52.2,50.6,47.3,48.2,48.5
18,19,"Norddjurs",59.4,52.5,49.5,48.2,47.0,40.6,42.4,43.0
18,19,"Odder",67.1,62.5,57.6,58.1,51.6,48.9,53.9,51.5
18,19,"Randers",68.0,59.3,54.7,54.2,52.0,47.8,47.9,50.1
18,19,"Samsø",55.4,60.6,46.3,50.0,43.1,65.9,42.5,37.2
18,19,"Silkeborg",68.6,59.1,54.8,52.9,50.9,50.0,50.4,49.4
18,19,"Skanderborg",67.0,62.5,57.5,52.3,53.8,49.3,50.0,54.0
18,19,"Syddjurs",59.9,51.1,51.0,52.8,48.7,46.3,45.8,50.2
18,19,"Aarhus",60.1,51.3,47.1,45.2,44.2,41.9,43.6,44.3
18,19,"Herning",71.9,63.2,58.9,56.4,54.1,55.2,56.7,58.0
18,19,"Holstebro",70.4,64.7,60.2,59.8,59.4,58.7,58.3,56.2
18,19,"Ikast-Brande",70.6,62.5,60.7,56.4,56.1,56.2,54.3,51.5
18,19,"Lemvig",71.4,66.8,63.9,67.1,58.2,54.7,58.2,55.7
18,19,"Ringkøbing-Skjern",75.9,69.8,67.3,67.0,62.0,62.3,61.9,64.4
18,19,"Skive",66.2,61.5,55.2,51.9,52.2,53.5,54.9,50.8
18,19,"Struer",64.9,54.7,53.1,56.3,54.1,48.8,51.7,51.5
18,19,"Viborg",68.5,61.4,56.6,54.9,52.1,50.5,50.5,52.5
18,19,"Brønderslev",61.7,56.3,57.3,55.3,54.7,50.4,51.0,50.8
18,19,"Frederikshavn",64.9,57.5,55.8,57.0,53.0,52.7,51.9,50.8
18,19,"Hjørring",63.4,56.7,55.1,54.7,54.0,52.2,51.7,51.4
18,19,"Jammerbugt",64.7,56.9,56.1,54.5,51.7,50.6,47.5,49.7
18,19,"Læsø",42.1,63.6,50.0,52.6,41.7,42.9,36.4,46.2
18,19,"Mariagerfjord",65.7,56.5,54.8,55.2,52.8,51.5,51.4,53.2
18,19,"Morsø",64.2,63.2,60.0,60.1,57.6,55.7,55.7,58.0
18,19,"Rebild",70.2,63.7,60.1,56.7,54.8,48.4,51.6,55.3
18,19,"Thisted",68.0,61.5,61.3,59.5,58.4,57.8,55.2,55.9
18,19,"Vesthimmerlands",65.1,58.9,56.3,53.1,54.8,48.4,51.0,52.9
18,19,"Aalborg",59.4,51.9,48.5,47.3,43.3,41.7,42.9,43.6
20,24,"København",69.4,66.4,65.1,63.8,63.2,63.3,62.7,63.9
20,24,"Frederiksberg",65.9,63.2,61.6,60.1,62.2,61.3,60.8,61.4
20,24,"Dragør",71.7,72.8,59.1,64.8,63.6,63.8,62.6,64.4
20,24,"Tårnby",75.1,70.0,66.0,66.3,64.0,66.1,66.2,67.8
20,24,"Albertslund",67.9,62.1,56.6,54.7,52.6,52.7,52.3,56.4
20,24,"Ballerup",70.2,64.4,63.4,63.9,62.9,61.5,62.1,62.7
20,24,"Brøndby",71.9,65.7,63.7,63.2,61.5,61.9,58.6,61.2
20,24,"Gentofte",68.7,65.9,62.7,62.1,60.5,59.6,60.0,61.3
20,24,"Gladsaxe",71.1,65.3,62.4,61.3,61.8,59.8,60.4,60.8
20,24,"Glostrup",79.9,74.5,71.8,70.9,67.7,69.0,67.3,67.8
20,24,"Herlev",74.2,70.8,67.9,66.0,62.3,64.9,63.9,64.0
20,24,"Hvidovre",75.6,69.8,66.2,62.7,60.4,61.4,60.9,63.3
20,24,"Høje-Taastrup",76.3,68.9,66.0,63.9,61.8,61.3,61.5,61.7
20,24,"Ishøj",75.0,67.0,64.3,62.8,59.5,60.2,61.3,63.0
20,24,"Lyngby-Taarbæk",62.1,57.6,54.9,54.9,54.9,55.7,54.9,56.0
20,24,"Rødovre",77.9,71.5,68.6,68.1,66.0,63.6,64.1,64.6
20,24,"Vallensbæk",78.2,70.3,70.0,67.1,65.4,65.6,66.4,66.2
20,24,"Allerød",75.4,67.0,66.8,63.1,61.8,60.3,61.2,61.0
20,24,"Egedal",77.0,72.9,72.2,67.5,68.0,64.7,64.5,65.8
20,24,"Fredensborg",71.2,67.0,64.9,66.1,60.6,61.5,60.3,59.4
20,24,"Frederikssund",78.2,73.0,70.2,70.1,66.2,63.5,64.3,65.6
20,24,"Furesø",71.2,65.7,63.3,64.1,58.2,58.9,58.2,59.0
20,24,"Gribskov",75.8,69.6,67.6,67.2,67.0,63.4,61.8,64.2
20,24,"Halsnæs",77.6,69.2,65.7,63.4,63.3,62.2,60.6,64.5
20,24,"Helsingør",74.9,68.6,65.8,65.6,62.7,64.2,62.7,65.3
20,24,"Hillerød",76.6,70.5,67.8,65.7,66.7,64.1,63.0,65.3
20,24,"Hørsholm",73.5,69.9,67.5,65.2,63.4,64.7,61.7,63.8
20,24,"Rudersdal",66.9,61.6,58.3,56.7,58.8,58.1,57.0,60.1
20,24,"Bornholm",65.9,60.7,59.3,59.9,58.5,55.7,54.7,55.0
20,24,"Christiansø",0.0,100.0,0.0,100.0,100.0,0.0,100.0,100.0
20,24,"Greve",77.2,73.2,68.2,69.4,64.7,64.5,62.7,65.2
20,24,"Køge",78.3,69.5,67.1,67.4,63.8,63.1,64.7,66.9
20,24,"Lejre",75.8,68.8,64.1,65.2,60.9,60.7,59.4,62.7
20,24,"Roskilde",70.9,64.9,61.1,59.9,59.3,58.6,57.9,60.5
20,24,"Solrød",79.0,72.7,66.1,66.7,63.7,67.7,68.0,66.8
20,24,"Faxe",71.8,65.7,62.5,62.9,61.5,59.3,60.3,63.2
20,24,"Guldborgsund",69.7,64.9,60.5,57.7,54.0,54.9,53.9,54.5
20,24,"Holbæk",73.5,66.7,64.2,62.5,60.7,59.6,60.4,61.5
20,24,"Kalundborg",74.1,66.9,64.8,61.7,58.0,57.3,55.7,56.4
20,24,"Lolland",68.0,61.7,57.0,54.6,53.1,49.3,48.7,49.3
20,24,"Næstved",74.6,68.1,65.7,63.7,62.0,61.2,60.9,61.4
20,24,"Odsherred",71.4,63.6,60.7,62.3,58.2,60.2,59.0,58.2
20,24,"Ringsted",77.9,71.3,67.7,64.1,61.7,59.8,61.5,63.5
20,24,"Slagelse",73.3,67.3,63.7,60.6,57.6,56.6,57.7,58.5
20,24,"Sorø",70.2,66.1,63.0,62.3,59.1,56.5,57.7,60.8
20,24,"Stevns",76.1,70.7,65.0,67.4,63.9,65.6,62.9,62.8
20,24,"Vordingborg",68.5,61.8,58.4,57.4,55.1,55.3,53.7,54.6
20,24,"Assens",71.2,62.4,64.2,63.7,60.0,59.4,57.7,57.7
20,24,"Faaborg-Midtfyn",70.9,64.4,63.0,59.5,59.2,58.5,57.7,58.6
20,24,"Kerteminde",75.2,64.3,62.8,58.6,56.7,55.1,57.5,56.4
20,24,"Langeland",71.4,60.4,60.2,60.6,60.6,54.9,53.8,54.1
20,24,"Middelfart",77.3,70.8,67.4,65.7,62.6,63.1,63.9,64.1
20,24,"Nordfyns",71.8,66.3,63.9,60.7,57.8,59.7,59.8,59.1
20,24,"Nyborg",73.8,68.1,65.9,60.9,55.7,56.2,56.5,56.2
20,24,"Odense",67.9,62.9,59.5,56.6,55.8,54.2,54.8,54.9
20,24,"Svendborg",65.8,60.2,57.7,54.9,53.4,52.3,52.1,52.5
20,24,"Ærø",66.1,57.5,57.7,55.2,51.9,54.1,52.1,54.0
20,24,"Billund",78.6,73.0,71.7,69.9,66.1,64.6,66.5,69.0
20,24,"Esbjerg",72.3,65.6,63.8,63.0,61.9,60.3,61.1,61.7
20,24,"Fanø",69.1,73.2,62.9,63.9,58.0,60.6,64.4,71.3
20,24,"Fredericia",75.7,67.6,64.0,61.4,58.1,56.5,56.8,58.1
20,24,"Haderslev",74.8,67.5,62.3,59.8,59.5,57.2,57.7,58.0
20,24,"Kolding",76.2,69.1,67.9,65.1,62.2,61.8,61.7,61.4
20,24,"Sønderborg",69.5,62.2,61.2,57.5,56.3,54.8,56.5,56.2
20,24,"Tønder",77.8,69.6,65.9,66.0,62.5,62.3,61.8,64.4
20,24,"Varde",81.5,73.3,71.4,70.0,67.9,68.3,65.8,65.0
20,24,"Vejen",78.9,70.4,67.7,68.8,67.7,65.6,63.1,63.4
20,24,"Vejle",77.5,70.0,68.8,66.9,64.7,63.1,62.3,64.1
20,24,"Aabenraa",72.9,65.8,64.2,62.8,60.3,59.1,60.1,61.5
20,24,"Favrskov",75.3,72.8,71.6,67.7,65.7,65.6,64.9,64.2
20,24,"Hedensted",79.5,71.1,71.3,69.2,67.2,66.1,66.1,68.0
20,24,"Horsens",68.6,61.4,58.7,58.1,55.8,56.6,58.0,59.2
20,24,"Norddjurs",70.7,65.6,62.4,59.1,57.2,54.4,53.3,51.7
20,24,"Odder",77.0,68.9,67.8,65.2,62.5,63.1,64.1,60.7
20,24,"Randers",76.2,67.9,65.4,63.2,59.8,59.0,58.7,59.4
20,24,"Samsø",76.5,65.9,69.7,69.1,68.6,64.3,63.1,64.2
20,24,"Silkeborg",77.4,68.6,66.1,63.6,63.6,62.6,61.9,62.6
20,24,"Skanderborg",76.3,71.4,69.2,64.0,62.9,61.7,60.9,61.9
20,24,"Syddjurs",70.4,62.6,60.4,60.7,57.7,55.1,58.1,57.0
20,24,"Aarhus",65.3,61.6,59.6,57.5,56.1,55.3,56.4,57.5
20,24,"Herning",75.1,67.4,66.5,64.4,63.1,63.4,63.1,65.1
20,24,"Holstebro",78.1,72.4,68.8,67.6,65.6,65.1,64.9,66.9
20,24,"Ikast-Brande",79.3,71.5,69.2,67.2,65.9,62.6,64.5,64.6
20,24,"Lemvig",78.7,71.5,71.4,70.2,65.9,67.7,67.6,66.4
20,24,"Ringkøbing-Skjern",80.4,73.4,71.9,72.4,69.1,67.1,69.8,68.7
20,24,"Skive",73.5,65.0,63.7,63.3,62.5,62.4,60.2,60.4
20,24,"Struer",74.3,68.9,67.0,65.7,59.7,62.4,58.2,58.4
20,24,"Viborg",76.1,68.3,66.0,63.4,59.9,58.0,57.4,58.5
20,24,"Brønderslev",71.5,63.4,61.3,62.6,58.8,57.5,57.5,58.8
20,24,"Frederikshavn",73.5,65.3,64.4,63.8,62.8,60.8,60.7,57.9
20,24,"Hjørring",74.5,65.7,64.5,62.9,62.0,59.8,59.2,58.6
20,24,"Jammerbugt",73.1,64.5,65.4,61.6,60.4,58.4,56.8,56.0
20,24,"Læsø",79.4,71.9,54.1,77.4,66.7,79.5,57.8,70.2
20,24,"Mariagerfjord",74.8,65.3,63.5,62.3,61.5,58.8,58.2,59.7
20,24,"Morsø",77.3,65.5,67.3,68.0,66.8,65.2,65.2,65.6
20,24,"Rebild",76.3,70.0,68.7,67.3,67.1,65.3,65.3,62.8
20,24,"Thisted",76.9,68.5,66.6,66.1,63.8,63.4,64.2,64.5
20,24,"Vesthimmerlands",75.3,68.7,66.4,64.6,61.9,61.3,60.9,61.4
20,24,"Aalborg",65.0,61.1,59.6,56.4,55.2,53.2,53.0,54.0
25,29,"København",75.5,72.6,72.2,72.0,71.6,71.4,71.2,71.7
25,29,"Frederiksberg",76.7,74.6,72.0,71.8,72.3,73.3,72.9,73.0
25,29,"Dragør",70.9,70.6,72.3,70.5,66.5,70.6,67.9,67.0
25,29,"Tårnby",81.2,75.4,73.5,73.8,72.0,72.6,72.6,72.6
25,29,"Albertslund",73.1,67.2,63.9,63.2,60.3,60.7,64.3,63.8
25,29,"Ballerup",75.6,70.0,65.0,66.0,66.5,65.1,68.5,68.2
25,29,"Brøndby",76.9,73.3,70.0,69.2,65.8,66.5,64.8,66.4
25,29,"Gentofte",76.4,73.5,70.8,71.1,68.8,66.7,66.1,66.5
25,29,"Gladsaxe",76.5,72.5,71.0,70.4,67.8,66.5,66.6,67.8
25,29,"Glostrup",81.8,77.3,77.2,76.6,76.8,74.5,75.3,73.1
25,29,"Herlev",81.1,77.7,72.3,73.0,71.3,70.4,70.7,72.1
25,29,"Hvidovre",79.7,77.1,75.1,74.9,72.1,71.7,70.7,70.4
25,29,"Høje-Taastrup",79.6,75.1,74.3,74.0,71.1,70.2,70.0,70.4
25,29,"Ishøj",73.8,73.1,72.6,68.6,66.8,67.8,69.0,69.0
25,29,"Lyngby-Taarbæk",77.4,72.9,69.8,69.4,68.5,66.8,67.3,67.3
25,29,"Rødovre",79.8,77.7,75.9,75.9,73.9,72.5,71.9,71.2
25,29,"Vallensbæk",82.2,78.3,78.0,78.3,75.2,72.6,72.8,72.6
25,29,"Allerød",82.5,79.8,79.0,75.5,76.9,75.4,73.0,71.0
25,29,"Egedal",87.0,83.0,80.8,79.2,78.0,75.0,76.2,76.2
25,29,"Fredensborg",79.4,75.4,73.8,74.2,70.8,69.2,69.5,70.0
25,29,"Frederikssund",84.7,80.1,76.7,76.4,72.9,72.3,72.7,73.8
25,29,"Furesø",77.2,70.6,72.6,68.3,66.6,65.6,68.2,67.6
25,29,"Gribskov",82.6,77.3,74.2,74.3,71.4,71.7,71.5,72.0
25,29,"Halsnæs",80.9,79.8,75.1,73.0,71.8,71.9,70.5,70.9
25,29,"Helsingør",78.7,73.2,73.6,70.8,71.2,69.2,70.3,70.0
25,29,"Hillerød",83.5,79.2,78.0,75.8,74.7,73.0,72.5,71.6
25,29,"Hørsholm",82.1,74.3,72.3,70.3,69.2,67.6,69.7,68.1
25,29,"Rudersdal",74.1,72.1,70.4,70.1,69.4,69.8,69.2,67.8
25,29,"Bornholm",70.9,68.1,66.6,68.7,65.0,64.5,67.2,64.0
25,29,"Christiansø",0.0,0.0,0.0,100.0,0.0,0.0,0.0,0.0
25,29,"Greve",81.1,76.3,73.8,74.1,71.8,71.7,72.0,72.6
25,29,"Køge",80.9,77.0,73.9,72.9,72.5,71.3,70.4,70.6
25,29,"Lejre",85.5,80.1,75.3,70.7,69.4,70.3,70.0,68.2
25,29,"Roskilde",78.4,75.4,72.3,70.1,66.7,65.2,65.1,65.1
25,29,"Solrød",85.5,82.3,78.3,77.2,74.0,70.8,69.1,69.9
25,29,"Faxe",80.6,76.2,73.8,71.3,70.2,69.9,68.8,67.5
25,29,"Guldborgsund",77.8,74.7,70.8,69.4,66.7,65.6,64.9,64.3
25,29,"Holbæk",80.2,75.9,73.0,73.1,71.6,70.5,69.5,68.5
25,29,"Kalundborg",80.3,73.9,71.4,69.2,67.7,67.9,66.9,66.1
25,29,"Lolland",70.0,64.5,64.2,62.9,58.9,60.8,60.4,59.2
25,29,"Næstved",81.1,76.5,75.1,72.3,70.9,70.1,68.0,67.7
25,29,"Odsherred",77.3,70.6,69.5,68.8,65.9,64.8,65.2,65.5
25,29,"Ringsted",81.9,79.7,75.6,73.5,70.9,71.2,71.0,70.2
25,29,"Slagelse",78.4,73.6,71.9,70.8,69.4,68.7,67.3,66.3
25,29,"Sorø",78.3,77.2,74.8,74.6,70.9,69.6,68.2,68.4
25,29,"Stevns",83.1,76.4,76.5,73.5,73.8,70.2,69.1,64.5
25,29,"Vordingborg",78.9,71.8,72.2,71.4,68.4,66.9,64.3,62.7
25,29,"Assens",79.8,72.4,72.2,71.4,68.1,68.2,66.1,65.1
25,29,"Faaborg-Midtfyn",80.7,72.4,69.5,68.5,67.1,67.7,65.0,64.9
25,29,"Kerteminde",78.4,73.4,70.7,70.9,66.1,66.3,66.9,64.5
25,29,"Langeland",79.3,70.5,68.7,64.2,62.3,64.1,63.7,62.4
25,29,"Middelfart",83.5,77.2,75.6,71.9,70.3,71.9,71.2,67.8
25,29,"Nordfyns",80.9,74.6,70.3,69.8,67.2,65.1,65.9,65.3
25,29,"Nyborg",80.6,73.2,72.8,68.7,69.2,66.3,65.1,61.0
25,29,"Odense",74.8,69.9,68.3,67.0,65.9,64.2,64.0,63.4
25,29,"Svendborg",73.3,68.5,67.1,63.9,61.6,60.6,60.1,59.2
25,29,"Ærø",70.3,64.9,62.5,55.4,65.9,61.0,61.1,62.9
25,29,"Billund",86.0,79.9,76.9,78.0,73.0,72.7,71.1,72.1
25,29,"Esbjerg",78.4,73.6,70.8,71.1,70.0,70.4,70.4,69.7
25,29,"Fanø",76.1,64.8,64.6,62.9,60.4,55.4,55.6,67.9
25,29,"Fredericia",80.1,72.7,71.3,68.9,67.6,67.5,66.3,65.0
25,29,"Haderslev",80.9,73.0,69.7,69.6,67.9,67.5,69.0,66.5
25,29,"Kolding",81.2,75.5,74.9,74.5,73.1,71.2,71.2,70.8
25,29,"Sønderborg",77.8,69.9,69.9,68.2,66.2,66.7,65.5,66.7
25,29,"Tønder",78.9,73.8,72.6,71.7,70.8,71.2,71.3,69.3
25,29,"Varde",84.9,80.9,79.0,78.2,76.6,75.0,72.8,72.2
25,29,"Vejen",84.0,77.8,76.7,74.6,72.8,74.5,72.3,71.8
25,29,"Vejle",81.7,76.5,75.9,73.8,71.9,71.6,72.2,72.5
25,29,"Aabenraa",79.8,74.3,71.5,70.3,70.0,69.2,69.9,68.7
25,29,"Favrskov",83.2,79.2,77.2,74.8,73.6,72.7,73.0,70.3
25,29,"Hedensted",85.7,78.5,77.9,76.2,75.1,74.8,71.4,73.2
25,29,"Horsens",77.2,73.3,71.5,70.5,68.7,69.4,69.0,68.6
25,29,"Norddjurs",80.0,72.4,72.8,70.2,67.1,68.6,67.3,67.2
25,29,"Odder",79.1,72.8,72.5,71.2,67.6,70.0,69.9,70.4
25,29,"Randers",80.0,74.4,72.5,70.6,69.6,67.6,68.3,68.3
25,29,"Samsø",80.6,82.2,80.0,72.1,69.2,69.0,73.4,86.0
25,29,"Silkeborg",83.0,77.0,75.1,73.6,71.1,70.5,71.0,70.8
25,29,"Skanderborg",81.3,76.5,75.4,74.7,73.4,72.3,72.0,67.8
25,29,"Syddjurs",80.3,74.2,70.5,69.3,67.9,64.5,63.0,63.9
25,29,"Aarhus",72.3,70.0,69.1,67.4,66.2,66.0,66.6,66.1
25,29,"Herning",82.9,76.8,75.1,73.6,72.6,72.4,72.4,72.3
25,29,"Holstebro",84.3,79.1,77.3,76.1,74.7,74.4,75.7,73.6
25,29,"Ikast-Brande",83.4,77.1,76.3,75.7,75.9,72.9,73.0,71.9
25,29,"Lemvig",82.0,78.7,76.6,75.4,73.1,70.1,72.1,72.3
25,29,"Ringkøbing-Skjern",86.3,78.8,77.5,75.9,73.9,74.1,73.2,74.2
25,29,"Skive",79.6,74.3,71.9,71.9,70.2,69.5,70.6,70.8
25,29,"Struer",80.0,75.3,73.4,74.7,70.3,71.1,67.0,67.9
25,29,"Viborg",82.8,77.3,74.8,73.0,70.3,70.0,68.0,68.0
25,29,"Brønderslev",79.4,72.9,71.0,70.3,70.3,70.1,66.5,65.8
25,29,"Frederikshavn",77.8,71.6,70.6,70.7,69.0,67.8,69.2,67.2
25,29,"Hjørring",78.0,72.2,71.3,72.0,71.2,70.6,69.0,66.6
25,29,"Jammerbugt",80.3,74.7,73.6,71.3,70.1,69.4,67.4,66.2
25,29,"Læsø",66.7,60.0,74.2,79.4,64.5,76.7,60.5,64.1
25,29,"Mariagerfjord",80.8,72.3,72.7,71.9,70.1,67.9,66.0,65.7
25,29,"Morsø",79.7,74.7,71.2,71.6,71.4,72.0,70.2,70.6
25,29,"Rebild",84.0,77.6,75.3,74.9,76.6,76.4,73.4,75.5
25,29,"Thisted",80.7,75.8,72.9,73.3,70.5,69.3,70.1,68.6
25,29,"Vesthimmerlands",79.7,74.5,73.6,71.6,70.2,70.1,71.0,69.8
25,29,"Aalborg",73.5,69.8,69.3,68.0,66.7,65.1,64.3,64.3
30,34,"København",80.4,77.8,77.5,77.4,77.2,77.1,77.1,77.5
30,34,"Frederiksberg",84.3,82.1,81.1,81.4,80.7,81.0,80.6,80.1
30,34,"Dragør",89.4,88.1,83.5,82.1,80.9,81.5,83.3,81.0
30,34,"Tårnby",87.4,84.4,82.5,82.2,82.3,81.2,80.5,80.0
30,34,"Albertslund",78.0,73.7,73.7,71.9,71.8,70.6,71.2,70.1
30,34,"Ballerup",84.7,79.9,78.8,78.2,75.8,75.8,74.1,76.4
30,34,"Brøndby",79.6,76.2,74.1,74.2,72.1,72.8,73.1,71.2
30,34,"Gentofte",83.6,80.3,79.0,77.2,76.5,74.6,71.9,71.8
30,34,"Gladsaxe",84.5,81.1,78.9,78.0,78.3,77.8,78.7,78.0
30,34,"Glostrup",86.1,81.8,79.7,80.0,80.5,79.1,77.7,79.0
30,34,"Herlev",83.8,81.4,79.9,79.3,80.4,78.6,80.0,79.2
30,34,"Hvidovre",86.2,82.5,80.8,80.5,79.1,79.6,78.8,78.6
30,34,"Høje-Taastrup",83.1,79.5,77.8,77.0,76.7,75.8,74.8,74.6
30,34,"Ishøj",77.8,72.8,72.8,71.8,70.6,70.3,68.8,71.1
30,34,"Lyngby-Taarbæk",85.4,83.6,82.5,81.1,81.3,79.8,78.4,77.4
30,34,"Rødovre",84.8,80.8,78.9,79.5,78.8,78.4,77.4,79.1
30,34,"Vallensbæk",88.4,87.0,83.1,82.7,80.7,81.7,81.2,81.2
30,34,"Allerød",91.8,88.8,89.2,85.6,84.2,83.2,86.4,84.8
30,34,"Egedal",92.7,90.1,89.7,89.0,88.1,85.6,86.2,84.8
30,34,"Fredensborg",84.2,81.9,79.8,79.2,77.5,76.5,77.6,76.6
30,34,"Frederikssund",88.6,85.6,84.4,84.6,83.0,81.1,81.4,79.1
30,34,"Furesø",84.3,82.8,81.5,81.4,79.5,79.6,78.6,79.4
30,34,"Gribskov",87.6,84.9,82.6,82.0,82.0,80.0,77.7,76.5
30,34,"Halsnæs",87.9,83.4,81.6,80.6,80.5,79.9,78.3,78.3
30,34,"Helsingør",84.7,80.8,80.0,78.7,75.7,74.6,74.1,74.6
30,34,"Hillerød",87.7,85.0,82.7,82.8,82.5,82.2,80.4,81.5
30,34,"Hørsholm",86.6,83.6,82.5,78.7,75.4,78.8,77.2,77.3
30,34,"Rudersdal",83.2,82.3,80.3,79.2,78.5,79.9,76.6,79.1
30,34,"Bornholm",79.2,75.8,74.0,75.2,73.7,71.2,72.9,71.3
30,34,"Christiansø",60.0,50.0,50.0,33.3,33.3,50.0,0.0,0.0
30,34,"Greve",88.3,85.8,83.6,83.5,81.6,80.3,80.4,80.5
30,34,"Køge",86.0,81.4,80.5,80.3,79.2,79.0,78.4,77.4
30,34,"Lejre",89.9,88.2,86.8,84.1,83.5,81.9,80.7,79.9
30,34,"Roskilde",87.0,83.4,82.5,80.9,79.8,78.7,77.4,76.9
30,34,"Solrød",90.3,86.2,85.3,85.7,84.1,82.9,82.5,81.3
30,34,"Faxe",86.0,81.9,81.2,79.2,77.0,75.1,75.3,73.9
30,34,"Guldborgsund",81.2,79.0,76.5,75.3,73.7,72.7,72.6,70.9
30,34,"Holbæk",84.7,82.5,80.8,80.6,78.8,78.1,76.2,74.8
30,34,"Kalundborg",84.0,80.1,78.7,78.1,74.1,73.3,74.7,72.7
30,34,"Lolland",76.2,70.8,68.3,66.3,66.1,65.1,65.0,66.3
30,34,"Næstved",85.3,81.2,79.3,78.9,77.0,77.0,76.6,75.0
30,34,"Odsherred",80.6,76.6,76.8,76.2,74.2,73.9,72.1,70.4
30,34,"Ringsted",84.9,82.2,82.2,80.3,79.6,80.0,78.9,78.1
30,34,"Slagelse",82.1,79.6,77.8,76.9,75.4,75.7,75.2,74.5
30,34,"Sorø",85.5,81.6,80.4,79.2,76.6,76.6,77.5,76.3
30,34,"Stevns",86.6,83.4,83.4,82.5,80.0,79.9,75.9,76.7
30,34,"Vordingborg",82.7,78.4,75.9,77.0,76.7,75.7,73.5,73.0
30,34,"Assens",84.3,79.0,78.1,78.9,76.3,75.2,74.6,75.1
30,34,"Faaborg-Midtfyn",82.9,79.0,78.4,76.7,75.9,75.4,75.3,74.0
30,34,"Kerteminde",85.4,79.3,77.2,75.9,75.4,73.3,74.4,73.5
30,34,"Langeland",82.1,76.9,76.4,74.9,72.1,70.5,69.4,64.0
30,34,"Middelfart",85.3,82.8,82.6,81.9,81.1,81.9,82.3,77.8
30,34,"Nordfyns",84.7,80.8,79.6,78.4,76.8,76.3,75.4,73.4
30,34,"Nyborg",84.7,78.8,77.4,76.5,73.9,74.6,73.6,73.0
30,34,"Odense",79.6,76.5,74.2,73.8,73.4,73.3,73.1,72.7
30,34,"Svendborg",80.4,77.1,75.5,74.5,73.6,73.4,72.5,70.3
30,34,"Ærø",81.0,73.5,78.4,79.3,75.0,75.0,73.9,70.0
30,34,"Billund",86.9,86.1,84.2,83.2,81.4,81.2,79.7,78.7
30,34,"Esbjerg",82.4,78.4,77.2,77.6,76.3,76.7,76.8,76.1
30,34,"Fanø",83.3,81.9,79.8,82.1,75.7,67.7,67.6,61.2
30,34,"Fredericia",82.1,77.6,75.8,75.0,73.6,74.2,73.6,72.9
30,34,"Haderslev",84.6,80.6,79.2,77.5,76.2,75.1,75.2,73.7
30,34,"Kolding",86.5,82.0,81.1,80.2,80.0,80.0,79.2,78.6
30,34,"Sønderborg",84.0,78.1,77.0,76.0,73.8,73.4,74.2,73.4
30,34,"Tønder",83.6,77.8,77.3,75.7,75.9,74.3,75.0,75.3
30,34,"Varde",86.7,83.8,82.7,82.1,81.2,80.1,81.3,79.6
30,34,"Vejen",86.7,83.8,82.0,81.8,81.8,79.5,79.8,79.0
30,34,"Vejle",86.8,82.9,81.6,80.9,80.6,78.5,78.7,79.2
30,34,"Aabenraa",83.3,80.6,79.1,76.2,74.2,73.6,73.6,74.4
30,34,"Favrskov",89.3,86.2,84.7,85.3,84.6,83.5,83.9,81.5
30,34,"Hedensted",88.5,83.5,84.7,83.4,83.4,82.5,82.3,82.0
30,34,"Horsens",86.2,80.3,79.3,80.4,79.1,77.8,78.1,77.7
30,34,"Norddjurs",81.5,79.1,76.5,76.8,75.5,74.5,75.2,76.3
30,34,"Odder",85.5,83.3,81.3,78.5,78.6,78.5,77.3,77.5
30,34,"Randers",84.8,79.9,78.9,78.6,78.1,76.5,75.6,74.4
30,34,"Samsø",81.7,76.0,79.3,81.5,79.6,78.0,79.8,80.4
30,34,"Silkeborg",88.2,84.6,82.6,81.7,80.4,80.1,79.7,78.8
30,34,"Skanderborg",89.1,85.8,84.5,85.3,84.6,84.9,83.3,83.2
30,34,"Syddjurs",86.8,81.6,79.6,79.2,78.6,77.6,77.4,76.5
30,34,"Aarhus",80.2,77.4,77.1,76.3,76.4,76.3,75.9,76.1
30,34,"Herning",87.6,82.9,81.3,81.0,80.5,79.9,79.7,79.4
30,34,"Holstebro",86.3,84.5,83.3,81.7,81.2,81.5,81.3,79.9
30,34,"Ikast-Brande",88.0,82.7,82.2,81.7,80.4,79.4,78.4,76.6
30,34,"Lemvig",87.6,82.2,84.6,83.4,80.1,80.1,77.3,75.6
30,34,"Ringkøbing-Skjern",88.9,84.3,84.1,83.5,81.2,79.2,78.4,77.1
30,34,"Skive",84.6,80.2,81.0,80.9,78.5,79.0,78.6,77.2
30,34,"Struer",85.1,80.0,79.8,80.5,77.3,76.2,76.9,74.8
30,34,"Viborg",87.2,82.8,82.4,81.9,80.4,79.0,78.7,77.5
30,34,"Brønderslev",85.6,80.1,79.9,79.0,77.4,77.6,75.2,75.2
30,34,"Frederikshavn",83.1,77.5,76.4,75.3,76.3,75.6,74.7,72.9
30,34,"Hjørring",83.1,78.9,77.3,76.4,75.9,74.1,74.5,74.1
30,34,"Jammerbugt",86.2,82.0,81.9,81.8,81.1,78.1,77.3,74.4
30,34,"Læsø",90.9,82.5,79.7,75.0,80.0,62.9,69.7,66.7
30,34,"Mariagerfjord",86.7,80.3,81.1,79.7,78.3,78.7,76.1,75.4
30,34,"Morsø",81.0,76.5,75.7,76.6,76.9,78.0,77.5,76.2
30,34,"Rebild",89.7,85.4,84.8,82.5,82.7,83.0,83.7,83.5
30,34,"Thisted",85.0,81.2,78.7,78.6,77.9,76.5,75.0,75.1
30,34,"Vesthimmerlands",84.3,79.2,79.8,78.3,76.3,78.0,77.1,75.4
30,34,"Aalborg",82.8,79.4,78.4,78.0,76.7,75.3,75.7,75.4
35,39,"København",79.6,77.3,77.4,78.2,78.1,78.7,78.8,78.9
35,39,"Frederiksberg",84.4,82.6,83.3,83.2,82.9,83.2,83.2,83.6
35,39,"Dragør",89.2,88.0,87.4,89.2,90.1,88.6,87.3,87.0
35,39,"Tårnby",88.9,86.4,84.9,85.8,85.5,85.6,83.9,85.7
35,39,"Albertslund",83.8,80.8,79.6,77.9,77.1,76.3,75.7,77.5
35,39,"Ballerup",86.1,83.6,83.1,83.6,81.2,80.6,82.0,82.1
35,39,"Brøndby",81.6,78.0,78.4,77.1,76.2,74.8,75.2,75.1
35,39,"Gentofte",86.3,83.9,85.4,84.6,83.9,83.6,82.7,81.5
35,39,"Gladsaxe",87.4,84.8,84.5,84.2,83.9,83.1,82.5,82.1
35,39,"Glostrup",86.5,84.1,83.6,85.0,84.7,84.4,84.1,84.0
35,39,"Herlev",87.0,85.0,84.1,83.9,83.4,82.5,82.3,83.4
35,39,"Hvidovre",87.7,85.3,84.7,84.6,84.5,83.7,84.5,84.1
35,39,"Høje-Taastrup",85.1,81.6,80.1,80.9,79.9,80.0,81.5,80.6
35,39,"Ishøj",82.3,78.3,77.1,75.7,74.4,73.5,73.1,74.6
35,39,"Lyngby-Taarbæk",89.7,87.0,86.5,86.6,85.8,85.2,85.2,85.9
35,39,"Rødovre",87.2,84.8,83.5,82.5,82.7,82.5,82.0,83.2
35,39,"Vallensbæk",92.6,89.1,89.9,87.7,87.8,85.5,84.3,83.1
35,39,"Allerød",93.3,91.4,92.9,92.3,91.6,92.6,90.9,89.4
35,39,"Egedal",93.9,91.8,91.4,91.6,91.8,92.0,90.1,90.3
35,39,"Fredensborg",87.1,86.1,86.3,85.1,83.5,82.4,83.1,82.4
35,39,"Frederikssund",89.8,88.0,86.8,86.6,86.9,86.5,84.9,85.2
35,39,"Furesø",90.0,87.2,87.1,86.7,87.1,86.7,85.4,85.6
35,39,"Gribskov",88.9,87.0,86.2,85.7,85.0,83.8,84.2,81.5
35,39,"Halsnæs",88.0,85.2,84.9,86.3,84.1,83.6,82.9,82.6
35,39,"Helsingør",87.0,84.5,83.3,84.0,82.9,83.0,82.2,81.2
35,39,"Hillerød",90.1,87.5,87.6,87.4,87.4,86.6,86.6,85.4
35,39,"Hørsholm",88.6,87.3,87.0,85.9,84.8,84.4,85.7,85.0
35,39,"Rudersdal",88.6,85.5,85.7,86.3,86.1,86.6,87.3,86.4
35,39,"Bornholm",80.9,78.1,78.8,79.7,79.7,79.4,78.5,77.9
35,39,"Christiansø",60.0,62.5,83.3,83.3,50.0,50.0,100.0,100.0
35,39,"Greve",89.8,86.7,86.6,86.9,86.8,86.4,86.7,86.2
35,39,"Køge",88.8,85.9,84.2,83.8,82.2,82.1,81.9,81.6
35,39,"Lejre",91.7,88.7,87.9,88.1,88.2,87.7,88.0,86.2
35,39,"Roskilde",89.3,87.6,87.0,86.7,85.7,85.5,84.8,84.2
35,39,"Solrød",90.1,89.5,88.6,89.7,89.2,89.5,87.2,87.1
35,39,"Faxe",89.0,84.4,85.0,84.5,83.2,82.9,82.1,81.1
35,39,"Guldborgsund",81.9,79.1,80.0,78.1,75.9,75.8,75.5,74.6
35,39,"Holbæk",86.7,84.3,83.7,83.8,82.4,82.8,83.1,81.6
35,39,"Kalundborg",83.9,81.1,80.1,80.7,79.9,79.4,79.6,80.5
35,39,"Lolland",75.2,73.8,72.6,70.6,69.9,70.8,70.3,70.6
35,39,"Næstved",85.9,82.9,82.3,82.0,81.6,81.2,81.4,80.5
35,39,"Odsherred",85.4,81.1,79.0,79.5,78.1,76.6,76.7,77.7
35,39,"Ringsted",88.4,85.0,83.1,81.4,81.6,81.5,82.5,82.9
35,39,"Slagelse",83.7,80.4,80.7,79.3,78.6,78.8,79.2,78.9
35,39,"Sorø",86.1,83.3,82.8,81.9,81.5,82.3,82.9,82.1
35,39,"Stevns",88.9,85.7,85.2,84.0,84.6,83.2,82.3,84.4
35,39,"Vordingborg",82.4,79.3,78.7,79.1,78.4,78.4,77.9,76.8
35,39,"Assens",86.4,82.9,83.4,82.3,80.3,80.8,80.8,79.2
35,39,"Faaborg-Midtfyn",84.3,82.1,81.4,80.8,78.7,79.7,79.4,78.5
35,39,"Kerteminde",85.7,82.1,80.7,79.9,78.7,79.8,78.0,77.6
35,39,"Langeland",86.4,84.5,82.8,78.9,78.9,78.6,77.5,74.4
35,39,"Middelfart",87.9,84.0,84.0,83.5,83.4,83.8,82.9,83.5
35,39,"Nordfyns",86.3,81.3,81.8,81.4,80.8,80.6,81.3,80.8
35,39,"Nyborg",85.4,82.5,80.0,79.3,79.1,79.9,79.2,78.8
35,39,"Odense",81.0,77.7,77.7,76.5,76.6,77.0,77.2,77.2
35,39,"Svendborg",84.9,81.5,79.6,79.2,78.7,78.8,78.8,78.8
35,39,"Ærø",83.1,83.2,81.4,77.2,77.2,72.7,72.7,82.7
35,39,"Billund",89.1,85.6,83.8,83.0,83.3,83.0,83.5,83.2
35,39,"Esbjerg",83.5,80.6,80.2,80.3,78.9,79.4,79.9,80.3
35,39,"Fanø",84.6,78.5,79.4,82.7,82.2,77.8,78.8,83.4
35,39,"Fredericia",84.4,80.8,79.8,78.7,77.6,77.9,76.6,76.4
35,39,"Haderslev",86.3,81.9,80.6,80.2,79.5,80.4,80.2,79.0
35,39,"Kolding",88.2,84.2,84.4,84.3,83.6,84.2,83.7,82.5
35,39,"Sønderborg",85.9,81.0,81.3,81.0,79.2,78.3,78.0,78.0
35,39,"Tønder",83.8,81.3,81.2,80.0,78.5,78.0,76.9,76.9
35,39,"Varde",87.1,85.2,84.8,84.1,82.3,82.5,82.2,81.4
35,39,"Vejen",88.8,85.2,83.9,83.9,83.6,83.1,83.4,83.4
35,39,"Vejle",87.6,84.1,83.7,84.1,82.9,83.5,83.3,82.8
35,39,"Aabenraa",84.8,82.8,81.7,80.4,79.0,80.2,79.7,78.1
35,39,"Favrskov",91.3,88.2,88.2,87.1,86.9,87.8,87.6,87.4
35,39,"Hedensted",90.8,86.4,87.2,87.3,86.8,85.3,86.2,86.0
35,39,"Horsens",86.8,82.7,83.0,83.3,82.4,82.7,83.2,82.2
35,39,"Norddjurs",84.8,82.0,82.4,80.5,78.4,79.0,78.7,78.8
35,39,"Odder",88.4,86.6,85.4,85.8,84.9,84.5,82.4,82.0
35,39,"Randers",85.8,81.4,80.8,81.2,80.5,80.4,80.6,80.2
35,39,"Samsø",85.3,85.2,78.3,84.2,77.6,82.4,81.1,78.0
35,39,"Silkeborg",89.3,85.1,84.9,85.2,84.3,84.2,84.7,84.4
35,39,"Skanderborg",91.2,88.2,88.3,88.2,88.1,88.5,88.0,87.7
35,39,"Syddjurs",86.7,84.5,82.8,83.1,82.0,82.9,81.8,81.9
35,39,"Aarhus",82.0,79.4,79.4,78.6,78.1,78.4,78.6,79.4
35,39,"Herning",87.5,83.1,82.7,83.9,83.0,83.1,83.7,83.1
35,39,"Holstebro",88.0,84.8,84.9,84.7,83.8,84.3,84.3,82.4
35,39,"Ikast-Brande",87.9,84.1,83.9,84.2,84.3,83.0,82.6,83.2
35,39,"Lemvig",87.3,82.0,84.5,83.7,82.3,84.8,84.2,84.3
35,39,"Ringkøbing-Skjern",88.7,85.4,84.8,85.1,82.4,83.6,84.6,83.2
35,39,"Skive",85.2,80.6,82.0,82.6,82.4,82.8,83.1,82.5
35,39,"Struer",86.8,83.2,83.0,82.4,82.0,82.1,82.1,82.2
35,39,"Viborg",88.1,84.3,84.5,84.4,83.1,84.1,83.5,83.3
35,39,"Brønderslev",85.7,83.2,82.7,83.0,83.2,82.0,81.2,81.2
35,39,"Frederikshavn",84.5,81.8,79.9,80.1,80.7,80.8,79.4,79.0
35,39,"Hjørring",84.7,81.4,81.2,80.8,81.0,80.4,79.3,78.5
35,39,"Jammerbugt",86.4,81.5,83.0,83.9,81.9,83.3,83.1,83.6
35,39,"Læsø",90.7,87.5,84.6,78.2,82.6,83.8,75.7,81.3
35,39,"Mariagerfjord",86.1,82.0,82.8,82.9,82.2,82.6,82.2,81.2
35,39,"Morsø",83.7,80.3,78.7,79.2,79.8,79.2,78.7,80.0
35,39,"Rebild",90.5,87.4,87.5,88.2,88.6,88.2,87.3,87.2
35,39,"Thisted",85.8,81.9,80.4,81.1,80.3,80.9,80.4,81.3
35,39,"Vesthimmerlands",87.4,83.0,82.8,81.9,81.7,81.2,81.9,81.4
35,39,"Aalborg",83.7,80.7,80.8,81.5,81.5,81.4,80.6,80.7
40,44,"København",77.1,75.1,74.9,75.4,75.6,76.3,77.4,78.4
40,44,"Frederiksberg",83.6,81.1,80.9,81.4,81.4,82.2,83.3,83.7
40,44,"Dragør",91.2,88.9,89.0,89.8,88.4,88.1,88.8,87.9
40,44,"Tårnby",88.7,87.0,86.2,85.9,85.6,85.9,86.4,86.7
40,44,"Albertslund",82.7,79.6,78.0,79.8,79.6,79.2,80.7,79.9
40,44,"Ballerup",86.9,84.6,84.3,83.8,83.1,83.6,84.1,84.0
40,44,"Brøndby",82.4,79.8,78.6,77.4,77.2,76.4,76.7,78.4
40,44,"Gentofte",87.8,85.5,85.8,86.0,85.1,85.3,85.1,85.6
40,44,"Gladsaxe",87.4,85.8,85.2,85.3,84.6,85.5,85.4,85.6
40,44,"Glostrup",87.7,84.6,82.8,83.6,82.1,82.8,82.8,83.8
40,44,"Herlev",86.4,84.5,83.4,84.6,83.8,84.1,84.7,84.1
40,44,"Hvidovre",87.0,84.8,84.3,84.0,83.9,83.6,84.3,85.7
40,44,"Høje-Taastrup",85.6,82.5,81.1,81.2,80.7,80.7,80.5,81.9
40,44,"Ishøj",82.9,79.5,78.0,78.7,76.6,76.5,76.4,77.1
40,44,"Lyngby-Taarbæk",90.0,87.9,87.3,87.8,87.2,87.4,87.6,88.0
40,44,"Rødovre",85.7,84.0,83.2,82.4,81.9,83.0,84.5,85.5
40,44,"Vallensbæk",93.8,91.5,91.3,90.1,89.9,90.2,89.9,91.0
40,44,"Allerød",93.4,91.4,92.0,91.6,91.4,91.2,91.8,92.3
40,44,"Egedal",93.6,91.3,90.6,90.7,90.7,91.0,91.7,92.0
40,44,"Fredensborg",88.8,85.7,85.7,85.1,84.0,84.0,85.2,85.6
40,44,"Frederikssund",90.2,88.6,88.6,88.3,87.4,87.3,87.3,86.2
40,44,"Furesø",89.8,88.2,87.9,87.3,88.1,88.2,87.9,88.3
40,44,"Gribskov",89.0,86.5,86.2,85.6,85.4,86.3,86.0,86.2
40,44,"Halsnæs",87.4,83.8,82.5,83.3,82.5,84.1,85.1,85.7
40,44,"Helsingør",85.0,83.0,83.1,83.0,83.0,84.5,84.8,84.5
40,44,"Hillerød",89.7,88.4,88.1,88.8,87.9,88.5,87.9,88.7
40,44,"Hørsholm",90.0,85.8,87.9,87.1,86.1,87.4,85.8,87.3
40,44,"Rudersdal",88.5,87.3,86.5,87.9,87.2,87.0,86.4,87.2
40,44,"Bornholm",82.0,80.3,79.1,80.6,79.1,78.4,79.0,80.0
40,44,"Christiansø",100.0,100.0,80.0,75.0,60.0,50.0,57.1,80.0
40,44,"Greve",90.1,88.1,86.8,87.2,86.0,86.9,86.6,86.7
40,44,"Køge",88.1,85.3,84.3,84.6,84.8,84.8,85.3,85.7
40,44,"Lejre",90.7,90.2,90.1,89.1,87.9,89.1,88.6,88.5
40,44,"Roskilde",89.3,87.2,87.3,87.3,87.5,87.5,87.2,87.3
40,44,"Solrød",91.9,88.5,89.4,88.3,88.7,89.2,89.8,88.9
40,44,"Faxe",88.5,85.0,84.4,84.2,83.8,84.6,85.3,84.5
40,44,"Guldborgsund",82.1,79.6,79.5,78.4,77.7,78.0,78.3,77.4
40,44,"Holbæk",87.0,84.7,84.2,84.4,83.5,83.7,83.7,82.9
40,44,"Kalundborg",83.6,80.5,80.3,79.8,79.4,79.2,79.5,80.3
40,44,"Lolland",76.9,72.7,72.2,72.4,69.3,70.9,71.0,71.6
40,44,"Næstved",85.6,83.4,83.0,82.6,82.2,82.8,82.6,82.2
40,44,"Odsherred",83.3,80.6,79.4,79.9,78.7,78.7,79.3,79.4
40,44,"Ringsted",87.3,83.4,83.6,84.4,82.8,82.2,83.7,84.3
40,44,"Slagelse",83.6,80.3,79.9,79.4,79.2,79.3,79.3,79.4
40,44,"Sorø",87.1,85.3,83.4,83.4,82.4,82.4,82.9,83.3
40,44,"Stevns",89.4,84.9,85.2,83.6,83.4,84.0,85.0,85.2
40,44,"Vordingborg",83.8,80.6,79.9,79.9,79.9,78.6,77.8,79.1
40,44,"Assens",85.9,82.2,83.1,84.0,83.5,82.7,83.6,83.1
40,44,"Faaborg-Midtfyn",86.4,82.8,82.6,81.1,81.4,81.2,82.5,82.3
40,44,"Kerteminde",86.0,82.0,80.5,80.2,80.3,82.3,83.1,82.6
40,44,"Langeland",80.5,78.6,76.6,79.7,80.0,81.6,81.7,81.4
40,44,"Middelfart",87.1,84.3,84.6,85.1,84.8,84.9,84.6,85.0
40,44,"Nordfyns",86.3,82.9,81.7,81.7,82.2,82.1,82.9,81.7
40,44,"Nyborg",84.0,81.3,80.4,80.8,80.3,79.2,80.2,80.0
40,44,"Odense",80.8,77.8,77.3,77.0,76.8,77.3,77.7,78.2
40,44,"Svendborg",82.4,81.0,81.1,80.5,80.6,81.1,81.3,81.2
40,44,"Ærø",85.5,82.9,80.8,83.6,79.4,78.0,78.1,80.5
40,44,"Billund",89.2,86.3,86.7,86.5,85.2,85.6,84.5,83.6
40,44,"Esbjerg",84.3,81.1,80.5,81.0,79.7,80.0,80.6,80.7
40,44,"Fanø",89.2,87.3,88.4,85.4,82.4,84.8,86.4,81.8
40,44,"Fredericia",85.3,81.1,79.5,79.6,79.3,79.5,80.8,80.7
40,44,"Haderslev",86.0,82.9,81.8,81.2,79.9,80.3,80.4,81.2
40,44,"Kolding",87.4,84.1,84.0,84.3,83.4,84.0,83.6,84.4
40,44,"Sønderborg",86.4,81.4,81.2,81.0,79.8,81.3,81.7,80.8
40,44,"Tønder",84.3,80.4,80.1,80.8,79.9,80.7,81.5,81.1
40,44,"Varde",88.8,86.3,86.2,85.5,85.2,85.4,84.6,84.1
40,44,"Vejen",87.7,85.0,83.9,85.3,84.7,85.3,85.5,85.5
40,44,"Vejle",87.3,84.5,84.5,84.5,84.0,84.4,84.4,84.4
40,44,"Aabenraa",84.8,82.4,81.4,81.3,80.3,81.0,81.1,81.7
40,44,"Favrskov",90.9,87.9,88.4,88.4,89.1,89.3,89.2,89.2
40,44,"Hedensted",91.9,86.6,88.2,87.9,87.8,87.4,88.9,88.2
40,44,"Horsens",86.0,82.2,83.3,83.5,82.8,82.7,83.2,83.3
40,44,"Norddjurs",85.0,81.7,81.2,81.0,82.2,82.9,84.2,81.7
40,44,"Odder",89.0,86.1,85.6,84.6,84.6,85.1,87.4,84.9
40,44,"Randers",85.8,81.4,81.9,82.0,81.4,81.9,82.5,81.7
40,44,"Samsø",82.0,82.8,82.0,79.7,79.2,81.2,82.7,79.6
40,44,"Silkeborg",88.6,85.1,85.3,85.2,85.5,86.1,86.4,85.3
40,44,"Skanderborg",91.5,88.7,89.3,89.7,89.2,89.5,89.6,88.7
40,44,"Syddjurs",87.5,85.6,84.4,84.6,83.7,83.8,84.2,84.9
40,44,"Aarhus",81.3,79.2,78.5,78.5,78.4,78.9,79.8,80.1
40,44,"Herning",87.1,84.0,84.6,84.6,83.8,83.7,84.6,83.8
40,44,"Holstebro",88.0,84.8,85.1,85.6,84.8,85.3,85.1,85.6
40,44,"Ikast-Brande",88.3,83.5,84.1,83.0,82.7,83.4,84.4,84.0
40,44,"Lemvig",87.7,84.2,85.8,85.6,84.9,84.1,86.4,84.5
40,44,"Ringkøbing-Skjern",88.8,85.1,85.1,86.5,85.2,85.1,85.9,86.1
40,44,"Skive",86.5,82.0,83.2,82.4,83.0,83.5,83.0,82.6
40,44,"Struer",87.5,84.0,84.4,84.7,84.5,82.9,83.8,82.1
40,44,"Viborg",87.5,84.6,84.5,83.8,83.3,84.2,84.8,84.9
40,44,"Brønderslev",86.1,82.5,82.6,82.4,81.8,84.1,84.0,83.7
40,44,"Frederikshavn",85.7,81.3,82.3,81.6,81.6,80.9,81.4,80.8
40,44,"Hjørring",84.6,81.4,81.8,81.8,82.0,82.0,82.6,82.1
40,44,"Jammerbugt",86.3,83.0,82.6,82.6,83.0,83.9,83.1,84.0
40,44,"Læsø",90.8,79.3,77.0,83.3,83.0,83.5,84.5,83.2
40,44,"Mariagerfjord",86.8,82.8,83.5,82.2,81.3,80.8,81.1,82.6
40,44,"Morsø",81.8,78.3,78.4,79.8,80.4,80.6,81.5,82.1
40,44,"Rebild",90.1,85.8,87.7,88.3,87.8,88.8,88.8,88.7
40,44,"Thisted",86.0,83.3,82.3,82.8,82.0,81.2,82.1,82.1
40,44,"Vesthimmerlands",86.7,82.3,82.5,82.1,82.7,82.1,82.8,83.5
40,44,"Aalborg",84.4,81.3,81.4,81.3,81.0,81.0,81.6,82.4
45,49,"København",75.2,72.8,73.2,73.3,73.1,73.8,74.5,74.9
45,49,"Frederiksberg",82.1,80.3,79.6,79.9,79.2,80.0,80.9,81.1
45,49,"Dragør",91.8,89.9,90.3,90.2,89.4,88.1,88.6,88.1
45,49,"Tårnby",87.9,85.3,85.1,85.8,85.0,85.0,85.4,85.6
45,49,"Albertslund",81.4,79.4,79.1,79.6,77.7,79.9,79.5,81.1
45,49,"Ballerup",84.1,82.0,80.9,80.9,80.7,81.4,82.8,83.4
45,49,"Brøndby",80.6,78.0,76.7,77.5,76.4,76.6,76.3,75.8
45,49,"Gentofte",87.2,85.7,86.6,86.5,85.7,85.5,85.3,85.2
45,49,"Gladsaxe",86.7,84.4,84.3,83.9,83.6,83.3,83.5,84.5
45,49,"Glostrup",87.3,85.2,85.8,84.0,83.8,82.5,82.6,81.2
45,49,"Herlev",85.8,84.1,83.3,83.4,82.6,83.6,83.8,83.9
45,49,"Hvidovre",86.0,82.9,82.7,83.0,82.3,82.8,83.3,83.1
45,49,"Høje-Taastrup",83.5,81.2,79.4,80.1,80.3,80.8,81.3,80.9
45,49,"Ishøj",78.9,76.9,77.2,76.5,75.8,75.8,76.5,76.0
45,49,"Lyngby-Taarbæk",88.6,86.3,86.8,86.8,87.7,87.6,88.1,88.6
45,49,"Rødovre",85.4,82.5,82.3,81.2,80.7,80.3,81.5,82.1
45,49,"Vallensbæk",93.0,90.5,89.5,90.3,90.5,90.6,90.4,90.9
45,49,"Allerød",92.0,90.8,90.9,90.7,91.5,91.8,92.2,92.2
45,49,"Egedal",92.1,91.1,90.5,90.9,90.5,90.8,91.1,90.7
45,49,"Fredensborg",87.3,85.2,84.8,84.9,84.7,84.3,84.7,84.8
45,49,"Frederikssund",88.0,86.3,86.4,87.0,87.4,87.1,87.4,88.2
45,49,"Furesø",90.2,87.5,87.0,87.9,87.2,88.3,88.4,87.6
45,49,"Gribskov",87.7,86.2,84.9,85.2,84.2,84.5,84.8,85.4
45,49,"Halsnæs",84.6,81.8,81.6,81.9,81.3,82.2,82.9,82.8
45,49,"Helsingør",84.4,81.4,82.9,81.7,81.6,81.0,82.0,82.4
45,49,"Hillerød",89.1,86.8,86.8,87.0,87.2,87.0,87.9,88.2
45,49,"Hørsholm",88.6,87.6,87.3,87.9,87.4,87.8,86.8,86.9
45,49,"Rudersdal",89.1,87.1,87.3,87.1,87.3,87.3,88.3,87.4
45,49,"Bornholm",78.9,78.5,78.3,79.9,78.3,79.2,79.2,79.4
45,49,"Christiansø",87.5,100.0,100.0,100.0,100.0,100.0,100.0,85.7
45,49,"Greve",88.6,86.5,86.6,87.3,86.8,86.9,86.9,86.6
45,49,"Køge",86.7,83.4,83.6,82.6,83.6,83.6,84.5,84.7
45,49,"Lejre",90.8,88.6,88.6,89.4,88.7,88.3,88.8,89.8
45,49,"Roskilde",88.6,86.7,86.4,86.9,86.3,86.5,87.0,87.2
45,49,"Solrød",90.9,88.8,89.8,90.2,89.7,89.2,89.4,89.6
45,49,"Faxe",87.3,85.8,83.6,83.3,83.6,82.9,83.8,84.6
45,49,"Guldborgsund",81.8,79.4,79.0,77.6,76.3,76.4,76.8,78.2
45,49,"Holbæk",84.5,82.3,82.8,82.5,82.2,82.3,83.3,83.6
45,49,"Kalundborg",81.8,79.7,79.1,79.4,78.4,78.5,78.7,79.1
45,49,"Lolland",75.8,72.5,71.7,70.5,70.3,70.1,70.2,70.2
45,49,"Næstved",84.6,81.9,81.7,81.3,81.1,80.6,81.4,81.7
45,49,"Odsherred",82.0,79.6,79.2,79.9,79.0,78.1,77.9,79.6
45,49,"Ringsted",85.2,82.7,81.8,82.4,82.3,83.7,83.0,83.2
45,49,"Slagelse",82.0,79.7,79.7,80.1,80.4,79.6,79.9,80.1
45,49,"Sorø",86.6,84.3,85.1,85.3,84.1,82.4,84.3,83.1
45,49,"Stevns",86.3,83.9,84.7,84.9,84.6,83.8,83.5,84.5
45,49,"Vordingborg",82.6,79.4,79.3,78.7,78.5,79.0,78.8,78.6
45,49,"Assens",86.3,82.7,82.6,82.2,81.9,82.4,83.0,81.9
45,49,"Faaborg-Midtfyn",85.1,81.6,81.8,82.2,81.0,81.3,81.4,81.8
45,49,"Kerteminde",86.4,82.9,81.1,79.3,79.3,81.5,81.2,81.3
45,49,"Langeland",78.1,75.6,75.3,73.3,71.4,73.0,73.0,72.9
45,49,"Middelfart",86.1,83.8,84.0,83.6,83.2,84.6,85.0,86.2
45,49,"Nordfyns",85.3,81.8,81.6,81.4,81.4,81.0,82.2,82.3
45,49,"Nyborg",81.3,78.6,78.8,78.8,78.6,79.8,79.1,79.6
45,49,"Odense",79.9,76.8,76.6,76.0,76.0,76.0,76.7,76.9
45,49,"Svendborg",83.4,80.6,80.4,79.1,78.5,79.1,80.5,80.4
45,49,"Ærø",81.8,80.6,81.6,80.9,78.9,80.9,80.0,78.9
45,49,"Billund",88.5,84.6,84.0,84.8,84.8,85.3,85.2,86.2
45,49,"Esbjerg",82.4,78.9,79.4,80.3,79.7,80.2,81.0,80.5
45,49,"Fanø",88.2,84.1,86.7,83.9,84.5,85.4,85.3,81.7
45,49,"Fredericia",85.8,81.5,81.2,79.7,78.4,79.5,80.2,80.1
45,49,"Haderslev",85.1,81.3,81.6,81.0,80.6,81.0,82.2,81.7
45,49,"Kolding",86.5,82.3,82.5,82.5,82.8,82.7,83.2,83.1
45,49,"Sønderborg",85.2,80.3,80.3,80.4,79.2,78.9,80.7,79.7
45,49,"Tønder",84.5,82.9,81.8,80.5,79.1,78.7,79.8,79.5
45,49,"Varde",87.9,85.0,84.6,86.1,85.1,84.9,85.6,85.9
45,49,"Vejen",87.6,83.9,84.2,84.0,84.1,84.5,84.8,85.3
45,49,"Vejle",86.9,83.8,83.5,82.8,82.6,82.4,83.5,83.8
45,49,"Aabenraa",82.9,79.5,80.5,79.9,79.3,79.7,79.9,80.3
45,49,"Favrskov",89.4,86.4,86.0,86.9,86.1,86.7,88.4,89.3
45,49,"Hedensted",90.3,86.9,87.8,87.4,87.3,87.0,87.7,87.6
45,49,"Horsens",83.7,79.9,79.8,80.5,80.4,81.5,82.0,82.1
45,49,"Norddjurs",83.3,81.6,81.8,81.6,80.1,81.1,80.9,81.6
45,49,"Odder",88.1,85.6,86.7,85.6,85.3,85.7,85.1,83.9
45,49,"Randers",84.7,81.3,80.9,81.3,80.5,81.6,82.0,82.5
45,49,"Samsø",81.1,82.0,80.4,83.8,81.3,81.8,82.5,81.0
45,49,"Silkeborg",88.2,85.2,84.2,84.2,84.7,84.6,85.3,85.7
45,49,"Skanderborg",90.2,86.9,87.5,88.5,88.2,88.5,88.9,89.7
45,49,"Syddjurs",87.3,84.0,83.5,83.3,82.9,83.6,83.7,84.8
45,49,"Aarhus",81.5,78.9,78.9,78.5,77.5,77.8,78.3,78.7
45,49,"Herning",86.2,82.6,82.9,83.4,83.2,83.8,83.9,84.3
45,49,"Holstebro",87.6,84.1,84.7,84.6,83.5,84.2,85.3,85.2
45,49,"Ikast-Brande",86.4,82.2,81.8,82.7,82.3,81.7,83.8,84.2
45,49,"Lemvig",88.1,84.2,84.4,83.8,82.7,83.1,84.3,84.8
45,49,"Ringkøbing-Skjern",87.1,84.1,83.3,84.6,83.4,83.3,84.3,85.0
45,49,"Skive",85.6,81.7,82.9,84.2,83.6,84.4,84.1,84.0
45,49,"Struer",85.6,82.0,82.6,82.0,83.3,84.0,84.6,83.3
45,49,"Viborg",87.2,84.3,84.8,84.3,84.4,83.9,84.1,84.0
45,49,"Brønderslev",85.4,82.3,83.1,83.1,82.8,81.9,82.3,82.2
45,49,"Frederikshavn",84.2,80.5,79.9,80.9,81.2,81.4,80.6,81.6
45,49,"Hjørring",85.5,81.9,81.6,81.3,80.8,80.7,80.1,81.2
45,49,"Jammerbugt",85.6,81.7,82.2,81.5,81.9,82.2,82.2,83.1
45,49,"Læsø",89.5,75.4,82.8,82.7,72.7,77.7,83.9,83.2
45,49,"Mariagerfjord",86.5,82.6,83.6,82.9,81.5,82.1,82.5,82.4
45,49,"Morsø",80.5,76.9,77.5,78.1,77.7,79.1,79.7,80.4
45,49,"Rebild",89.2,85.1,86.3,86.9,87.0,87.0,86.9,87.1
45,49,"Thisted",84.6,79.9,81.0,81.8,81.7,81.6,82.0,83.3
45,49,"Vesthimmerlands",85.5,82.9,83.2,83.5,81.7,81.0,80.9,81.6
45,49,"Aalborg",83.3,80.6,80.6,80.6,80.4,80.7,80.6,80.4
50,54,"København",72.6,70.8,70.6,70.5,70.3,70.9,71.8,72.9
50,54,"Frederiksberg",80.0,78.7,78.2,78.1,78.0,78.5,79.0,80.1
50,54,"Dragør",89.3,86.8,87.9,88.8,88.9,89.1,89.1,88.2
50,54,"Tårnby",86.1,84.4,84.1,84.2,83.5,82.8,82.3,83.0
50,54,"Albertslund",78.3,75.9,76.5,77.0,76.1,76.3,76.5,76.7
50,54,"Ballerup",81.1,79.3,78.9,79.6,78.3,78.4,79.6,80.3
50,54,"Brøndby",76.1,75.5,74.3,74.7,73.8,75.0,75.1,74.8
50,54,"Gentofte",87.7,84.6,84.5,84.8,84.5,84.9,84.6,85.6
50,54,"Gladsaxe",84.3,83.4,83.0,82.6,81.5,81.8,81.8,82.8
50,54,"Glostrup",82.7,79.1,79.7,81.7,82.7,83.3,82.2,82.3
50,54,"Herlev",82.0,80.4,79.6,80.3,81.2,80.0,81.2,82.2
50,54,"Hvidovre",83.4,81.3,80.9,81.0,79.8,80.6,80.6,81.0
50,54,"Høje-Taastrup",80.6,78.0,78.6,77.9,77.5,78.2,78.8,80.1
50,54,"Ishøj",78.2,74.1,74.5,73.7,72.1,71.5,72.0,74.0
50,54,"Lyngby-Taarbæk",87.6,85.9,85.9,85.4,85.4,85.0,85.1,85.7
50,54,"Rødovre",81.6,79.8,79.0,80.1,80.0,80.5,79.9,80.5
50,54,"Vallensbæk",91.0,88.2,88.4,88.0,86.2,86.4,88.0,87.4
50,54,"Allerød",90.8,89.8,90.6,90.3,90.1,89.4,90.0,90.4
50,54,"Egedal",89.9,88.3,87.5,88.5,88.4,88.7,89.0,90.3
50,54,"Fredensborg",83.9,82.4,82.4,82.2,81.1,81.7,81.9,83.3
50,54,"Frederikssund",86.1,84.0,83.6,83.4,82.7,83.7,84.1,85.2
50,54,"Furesø",88.3,86.7,85.7,85.6,85.6,86.7,85.9,86.5
50,54,"Gribskov",85.2,83.5,84.0,83.6,82.7,83.7,83.9,84.6
50,54,"Halsnæs",80.5,79.0,78.2,78.4,79.0,78.9,78.9,80.8
50,54,"Helsingør",79.4,78.1,78.6,79.0,78.2,79.3,79.9,80.2
50,54,"Hillerød",86.1,84.7,84.9,85.1,85.1,85.3,85.5,86.4
50,54,"Hørsholm",86.8,84.4,84.7,86.1,84.9,85.9,85.4,85.4
50,54,"Rudersdal",87.6,86.0,86.4,87.1,86.8,86.0,85.8,86.9
50,54,"Bornholm",77.3,75.9,74.1,75.9,74.3,74.5,76.5,77.3
50,54,"Christiansø",90.0,87.5,85.7,90.0,100.0,100.0,100.0,100.0
50,54,"Greve",86.4,83.4,83.1,84.5,84.4,84.8,84.8,85.7
50,54,"Køge",83.8,81.4,80.7,81.8,79.7,79.8,81.9,83.0
50,54,"Lejre",88.8,86.9,86.9,87.0,86.1,87.6,87.8,88.1
50,54,"Roskilde",85.9,84.6,84.2,84.1,84.4,84.6,84.8,85.2
50,54,"Solrød",88.4,87.9,87.4,86.2,85.2,86.5,87.5,89.0
50,54,"Faxe",85.1,82.1,81.9,81.6,81.2,83.1,83.9,83.4
50,54,"Guldborgsund",80.0,77.4,76.1,75.7,75.0,75.1,75.3,76.8
50,54,"Holbæk",83.2,81.1,81.4,81.1,79.9,80.2,80.1,81.0
50,54,"Kalundborg",81.6,79.5,78.1,77.0,76.0,76.4,76.2,77.4
50,54,"Lolland",73.8,71.8,70.6,68.4,68.2,69.0,69.9,70.6
50,54,"Næstved",82.5,79.5,80.3,79.4,79.5,79.5,79.6,80.0
50,54,"Odsherred",77.6,76.8,76.9,75.1,74.6,76.3,76.3,77.7
50,54,"Ringsted",83.1,81.0,81.3,81.9,80.2,80.3,81.8,82.0
50,54,"Slagelse",80.7,78.4,77.6,77.4,77.0,77.0,77.8,78.1
50,54,"Sorø",84.1,82.2,82.1,81.0,80.5,81.4,82.2,83.0
50,54,"Stevns",86.1,83.1,82.0,82.2,81.6,80.8,83.4,84.0
50,54,"Vordingborg",81.0,76.7,76.8,76.8,75.6,77.0,76.9,77.2
50,54,"Assens",81.3,79.3,79.0,79.7,79.3,81.1,81.4,82.0
50,54,"Faaborg-Midtfyn",82.7,79.4,79.4,80.1,78.2,79.6,79.4,81.0
50,54,"Kerteminde",83.6,79.6,79.4,75.7,77.5,79.9,81.0,81.3
50,54,"Langeland",73.7,73.3,71.9,71.7,70.9,71.7,72.3,72.1
50,54,"Middelfart",83.0,80.7,80.5,80.0,79.9,81.6,82.5,82.8
50,54,"Nordfyns",82.8,79.3,77.9,78.6,79.3,79.2,80.1,80.5
50,54,"Nyborg",79.4,77.1,76.4,75.1,74.4,75.0,75.3,76.7
50,54,"Odense",76.4,74.3,74.2,74.2,74.1,74.1,74.1,74.8
50,54,"Svendborg",80.2,78.6,78.8,78.6,78.2,78.8,78.7,78.7
50,54,"Ærø",78.8,76.1,76.2,76.2,79.2,77.4,80.2,83.9
50,54,"Billund",85.7,84.7,83.5,83.9,83.2,82.7,83.0,83.1
50,54,"Esbjerg",80.8,78.6,78.2,78.3,77.7,77.9,78.6,79.1
50,54,"Fanø",85.3,85.0,81.5,81.1,83.3,83.6,82.4,81.4
50,54,"Fredericia",81.5,78.6,78.4,78.3,77.6,78.5,79.6,79.7
50,54,"Haderslev",84.3,81.0,80.0,80.0,78.6,78.8,79.5,80.3
50,54,"Kolding",83.8,80.1,79.8,80.1,79.7,80.5,81.0,81.7
50,54,"Sønderborg",82.0,78.2,78.9,78.7,78.4,78.3,78.9,78.7
50,54,"Tønder",83.0,79.9,79.8,78.3,78.1,79.1,80.7,79.9
50,54,"Varde",87.6,84.1,83.6,82.6,82.9,82.6,83.3,84.6
50,54,"Vejen",84.8,81.3,80.9,82.8,82.7,83.0,83.1,84.0
50,54,"Vejle",84.8,81.7,81.9,81.6,81.4,81.6,81.9,82.8
50,54,"Aabenraa",82.7,79.8,79.0,78.3,77.2,78.0,78.5,79.0
50,54,"Favrskov",89.4,86.2,84.7,85.6,84.9,84.7,85.7,85.4
50,54,"Hedensted",88.8,84.5,84.8,85.2,85.6,86.2,86.1,86.4
50,54,"Horsens",83.2,78.9,77.7,78.4,78.3,78.5,78.7,78.7
50,54,"Norddjurs",83.1,79.9,79.6,78.6,77.9,79.0,79.3,79.8
50,54,"Odder",87.7,86.0,85.9,84.7,84.2,85.4,84.9,86.4
50,54,"Randers",81.3,77.3,77.5,78.3,78.4,79.1,79.9,80.6
50,54,"Samsø",78.2,77.4,80.6,77.1,77.1,80.0,81.3,81.6
50,54,"Silkeborg",86.0,83.1,82.7,82.8,83.3,84.0,83.7,83.9
50,54,"Skanderborg",87.5,84.4,85.2,86.9,86.6,86.3,87.1,87.4
50,54,"Syddjurs",83.5,81.7,81.7,81.8,82.0,81.5,82.8,83.7
50,54,"Aarhus",80.4,78.3,77.8,77.2,77.0,76.9,76.9,77.5
50,54,"Herning",83.6,80.3,80.7,81.1,81.1,80.9,81.6,81.6
50,54,"Holstebro",84.9,82.2,82.6,82.1,82.8,83.4,83.1,83.9
50,54,"Ikast-Brande",84.7,81.3,80.6,81.4,80.6,79.9,80.0,81.1
50,54,"Lemvig",84.4,82.9,84.9,84.1,83.1,84.3,85.1,83.8
50,54,"Ringkøbing-Skjern",87.6,83.7,81.8,82.5,81.5,81.0,82.8,82.8
50,54,"Skive",83.7,79.6,80.4,80.9,81.3,81.5,81.9,82.4
50,54,"Struer",85.3,81.1,81.3,80.9,78.7,79.4,79.7,81.1
50,54,"Viborg",85.5,82.4,82.8,82.1,81.9,82.8,83.5,83.7
50,54,"Brønderslev",82.5,80.3,81.5,81.9,81.8,81.6,80.5,81.1
50,54,"Frederikshavn",82.5,78.9,79.5,79.2,79.0,78.5,79.8,79.4
50,54,"Hjørring",84.0,80.0,80.7,81.4,81.2,81.4,80.2,79.8
50,54,"Jammerbugt",84.2,81.1,80.9,81.4,80.4,80.0,80.5,81.7
50,54,"Læsø",82.2,72.6,73.9,72.7,73.9,76.3,77.3,81.1
50,54,"Mariagerfjord",83.2,80.2,80.6,80.3,80.2,81.6,82.5,83.0
50,54,"Morsø",79.4,76.5,76.3,76.4,76.1,77.2,78.6,78.8
50,54,"Rebild",87.4,83.8,84.0,84.2,84.6,85.5,85.9,86.4
50,54,"Thisted",82.0,80.7,80.7,80.9,79.9,79.5,78.8,80.3
50,54,"Vesthimmerlands",83.0,79.9,80.3,80.4,80.7,81.3,81.1,81.6
50,54,"Aalborg",81.6,79.4,79.5,80.0,79.6,79.5,79.3,79.5
55,59,"København",68.7,67.1,66.9,66.8,67.1,67.9,68.8,69.6
55,59,"Frederiksberg",76.3,74.9,73.3,74.1,73.9,75.1,75.6,76.0
55,59,"Dragør",85.8,83.4,83.9,82.2,82.5,84.8,84.6,86.3
55,59,"Tårnby",80.0,77.8,77.2,79.2,78.7,80.2,80.3,80.4
55,59,"Albertslund",78.6,74.3,72.6,70.7,71.2,71.8,72.0,72.5
55,59,"Ballerup",77.3,74.8,74.2,74.5,73.9,74.1,74.9,74.8
55,59,"Brøndby",71.0,68.4,67.7,67.6,69.2,70.0,70.7,70.6
55,59,"Gentofte",84.9,82.9,83.3,83.5,83.1,83.3,82.9,82.7
55,59,"Gladsaxe",78.3,76.9,77.1,77.4,77.9,79.6,79.8,80.8
55,59,"Glostrup",80.6,77.6,75.5,76.9,74.6,76.9,76.4,78.6
55,59,"Herlev",79.6,76.8,76.5,75.6,73.6,75.6,76.5,76.7
55,59,"Hvidovre",78.6,76.9,75.8,76.0,76.4,77.1,77.3,78.3
55,59,"Høje-Taastrup",78.0,75.0,73.8,73.8,73.9,75.2,75.5,75.5
55,59,"Ishøj",74.0,70.5,68.8,69.5,69.4,71.0,70.0,70.6
55,59,"Lyngby-Taarbæk",82.9,81.5,81.8,83.0,83.8,84.4,83.8,83.9
55,59,"Rødovre",79.2,77.1,75.9,74.8,73.9,76.7,77.3,77.7
55,59,"Vallensbæk",87.1,85.7,82.9,84.4,85.6,85.7,84.7,86.8
55,59,"Allerød",88.6,85.3,85.7,85.0,85.3,86.3,87.7,87.3
55,59,"Egedal",87.1,84.0,83.8,83.7,83.6,84.4,85.4,85.3
55,59,"Fredensborg",80.1,77.9,78.2,78.4,78.0,79.2,79.4,79.2
55,59,"Frederikssund",82.2,80.4,78.6,78.4,78.6,80.3,81.1,81.1
55,59,"Furesø",85.7,84.5,84.2,84.0,83.7,82.8,83.9,83.9
55,59,"Gribskov",80.9,79.3,78.9,79.1,79.0,79.7,80.7,82.0
55,59,"Halsnæs",75.9,73.6,72.9,72.3,72.9,74.8,77.0,77.9
55,59,"Helsingør",76.6,75.3,74.4,73.4,74.3,75.6,75.4,76.7
55,59,"Hillerød",83.2,81.0,81.4,81.3,80.9,82.4,82.0,83.1
55,59,"Hørsholm",83.9,81.9,82.8,82.2,82.3,81.6,81.2,83.5
55,59,"Rudersdal",83.9,82.4,82.6,82.3,82.9,83.8,84.8,84.4
55,59,"Bornholm",70.4,70.8,70.4,72.2,70.9,72.4,72.7,72.6
55,59,"Christiansø",30.0,54.5,58.3,70.0,81.8,84.6,77.8,90.0
55,59,"Greve",83.6,81.1,79.7,80.7,80.1,80.8,81.1,81.9
55,59,"Køge",80.8,77.7,77.4,76.0,76.6,77.6,78.2,79.3
55,59,"Lejre",87.3,86.1,84.5,84.2,84.9,83.0,83.4,85.8
55,59,"Roskilde",83.4,81.3,80.4,80.8,79.8,80.7,82.0,82.6
55,59,"Solrød",85.9,84.1,83.6,84.5,82.8,82.9,83.6,82.7
55,59,"Faxe",81.2,78.0,77.4,77.3,77.2,78.6,79.8,81.0
55,59,"Guldborgsund",76.6,74.0,74.9,74.4,73.4,72.9,72.6,72.5
55,59,"Holbæk",80.9,78.0,77.4,77.6,77.8,77.3,78.4,78.5
55,59,"Kalundborg",77.1,73.9,72.8,73.1,73.5,75.5,76.6,75.8
55,59,"Lolland",69.8,68.3,68.2,67.8,65.7,67.8,68.1,68.9
55,59,"Næstved",78.1,75.3,76.1,75.5,76.1,77.4,76.8,77.4
55,59,"Odsherred",72.9,70.4,70.7,71.9,71.4,72.5,73.8,74.5
55,59,"Ringsted",79.8,77.9,77.0,77.5,76.7,78.0,78.4,79.7
55,59,"Slagelse",75.9,73.7,73.7,73.6,73.1,74.9,75.7,75.6
55,59,"Sorø",80.6,77.4,76.8,76.6,76.6,78.3,78.8,78.7
55,59,"Stevns",82.3,79.3,79.8,78.8,77.2,78.0,79.5,79.6
55,59,"Vordingborg",74.7,73.4,73.3,73.9,72.4,73.3,73.0,73.5
55,59,"Assens",79.6,76.4,75.3,74.9,74.7,76.2,76.7,77.7
55,59,"Faaborg-Midtfyn",79.7,77.5,77.4,75.4,75.7,76.5,77.6,77.0
55,59,"Kerteminde",80.0,76.1,76.4,73.8,72.4,75.7,76.3,77.5
55,59,"Langeland",69.9,67.0,67.5,65.6,64.7,68.1,69.0,69.0
55,59,"Middelfart",80.2,77.1,75.8,77.2,76.3,77.4,78.5,79.5
55,59,"Nordfyns",80.2,76.8,76.2,76.1,75.0,76.5,77.7,76.9
55,59,"Nyborg",75.3,72.2,71.5,70.8,71.4,72.8,73.0,73.4
55,59,"Odense",73.6,70.8,71.2,70.8,70.0,71.5,71.7,71.7
55,59,"Svendborg",75.3,74.1,74.8,73.6,73.8,74.5,76.1,76.9
55,59,"Ærø",77.5,75.8,73.3,74.1,73.8,72.9,71.4,72.8
55,59,"Billund",82.8,79.9,79.9,79.9,79.5,79.9,80.8,79.3
55,59,"Esbjerg",77.7,75.6,74.7,74.7,74.6,75.7,76.8,77.0
55,59,"Fanø",82.7,82.9,81.7,81.1,77.1,79.4,79.3,79.3
55,59,"Fredericia",78.6,76.1,74.2,73.4,72.4,75.3,77.0,77.3
55,59,"Haderslev",80.5,76.9,76.4,76.3,75.8,76.8,78.5,78.4
55,59,"Kolding",80.4,77.1,76.1,76.3,75.8,76.8,77.4,78.1
55,59,"Sønderborg",80.1,75.6,75.4,74.9,74.2,75.1,75.7,76.1
55,59,"Tønder",79.7,77.7,78.5,77.3,75.1,75.6,76.9,77.1
55,59,"Varde",84.3,82.1,81.5,81.2,79.4,80.4,81.2,82.2
55,59,"Vejen",84.3,81.1,80.1,80.3,78.9,79.3,79.4,80.8
55,59,"Vejle",81.8,78.8,78.0,78.4,77.8,79.5,79.5,80.2
55,59,"Aabenraa",78.2,76.2,76.7,75.7,75.0,75.2,77.0,76.7
55,59,"Favrskov",85.1,81.5,82.5,82.7,82.3,83.7,84.8,83.9
55,59,"Hedensted",84.8,80.4,82.7,82.7,82.6,82.5,83.0,83.6
55,59,"Horsens",80.4,77.3,77.0,76.8,75.6,76.3,77.3,77.1
55,59,"Norddjurs",76.2,73.8,74.7,75.1,74.9,77.4,77.6,77.5
55,59,"Odder",83.6,80.6,80.1,81.6,81.2,82.8,82.5,82.5
55,59,"Randers",76.5,73.4,73.1,73.3,74.1,75.4,75.8,75.8
55,59,"Samsø",79.8,77.3,70.0,74.7,71.5,73.8,76.9,77.9
55,59,"Silkeborg",83.0,78.6,78.6,79.1,79.3,80.6,81.7,82.4
55,59,"Skanderborg",84.4,82.1,83.1,83.7,84.3,83.8,84.7,84.1
55,59,"Syddjurs",81.3,78.4,77.8,76.8,77.4,78.6,79.5,80.5
55,59,"Aarhus",77.8,75.3,75.3,75.0,74.4,75.1,75.8,75.1
55,59,"Herning",81.2,77.9,77.2,77.2,76.9,77.6,79.6,79.2
55,59,"Holstebro",81.7,78.3,78.6,79.8,79.4,80.7,81.6,81.9
55,59,"Ikast-Brande",81.1,76.9,78.2,78.1,78.4,78.3,79.5,78.8
55,59,"Lemvig",81.6,78.4,79.3,80.2,80.4,79.9,82.0,82.8
55,59,"Ringkøbing-Skjern",81.8,79.0,78.0,79.3,78.3,79.3,80.1,80.3
55,59,"Skive",81.9,77.5,78.0,79.3,78.1,79.9,79.3,80.1
55,59,"Struer",79.9,76.2,76.7,77.3,76.3,77.7,77.5,78.4
55,59,"Viborg",83.4,80.8,80.8,80.5,78.6,80.0,79.3,80.3
55,59,"Brønderslev",80.6,77.2,76.7,75.9,76.3,77.7,78.8,78.7
55,59,"Frederikshavn",78.4,75.5,75.8,76.2,76.1,76.4,77.2,77.6
55,59,"Hjørring",79.0,76.5,76.4,77.5,78.1,79.1,79.6,79.5
55,59,"Jammerbugt",80.9,77.5,78.5,77.7,78.1,79.7,79.6,79.4
55,59,"Læsø",79.7,74.7,77.0,73.7,69.7,74.9,75.3,70.9
55,59,"Mariagerfjord",80.8,77.2,78.5,77.8,76.4,78.2,79.4,78.6
55,59,"Morsø",74.0,70.7,70.4,71.5,72.2,75.3,76.0,76.2
55,59,"Rebild",86.0,82.6,81.4,83.0,82.1,82.4,82.6,82.2
55,59,"Thisted",80.7,78.0,77.3,77.6,77.2,77.1,78.7,78.6
55,59,"Vesthimmerlands",81.3,77.1,77.3,77.3,75.8,76.1,77.7,78.0
55,59,"Aalborg",78.1,75.6,76.0,75.9,76.2,77.1,77.4,77.6
60,64,"København",43.6,44.4,45.2,45.8,47.2,47.9,49.3,51.8
60,64,"Frederiksberg",51.0,52.3,52.7,53.6,54.6,54.4,56.1,57.4
60,64,"Dragør",53.5,53.0,56.3,58.2,58.5,59.7,59.0,62.9
60,64,"Tårnby",44.5,43.8,45.1,47.3,48.1,49.0,50.7,53.7
60,64,"Albertslund",46.2,45.7,45.6,46.9,47.8,51.6,52.0,53.0
60,64,"Ballerup",43.0,44.6,45.4,46.6,48.5,49.4,50.6,53.7
60,64,"Brøndby",41.4,42.5,43.4,43.2,43.8,44.6,45.9,48.8
60,64,"Gentofte",63.1,62.2,63.7,63.4,64.8,65.8,66.6,68.3
60,64,"Gladsaxe",50.3,51.3,52.0,52.1,54.0,53.9,56.6,59.4
60,64,"Glostrup",48.1,48.2,46.6,46.6,48.4,50.6,53.6,55.9
60,64,"Herlev",48.7,48.0,47.5,50.1,51.8,52.4,54.1,55.5
60,64,"Hvidovre",44.2,46.0,45.8,47.4,47.3,48.2,51.4,53.8
60,64,"Høje-Taastrup",45.9,45.7,46.3,46.4,46.6,48.8,50.5,53.6
60,64,"Ishøj",43.9,43.6,42.2,42.8,42.4,42.9,45.2,49.5
60,64,"Lyngby-Taarbæk",58.4,58.3,58.2,59.6,60.9,62.4,64.1,65.7
60,64,"Rødovre",47.1,48.2,47.2,47.6,49.4,48.8,51.3,54.2
60,64,"Vallensbæk",52.9,49.5,51.1,51.9,54.0,55.0,56.1,60.9
60,64,"Allerød",59.5,60.8,60.2,60.7,61.6,62.4,62.2,63.4
60,64,"Egedal",53.8,53.7,53.1,53.6,55.7,58.0,59.5,61.2
60,64,"Fredensborg",54.9,55.1,55.4,57.8,57.3,58.4,59.5,61.0
60,64,"Frederikssund",47.9,46.8,48.9,49.4,50.3,51.7,52.4,55.0
60,64,"Furesø",58.2,58.0,58.4,60.3,61.1,60.9,61.6,63.6
60,64,"Gribskov",47.5,48.6,49.7,51.4,53.6,54.9,57.7,59.5
60,64,"Halsnæs",41.7,41.5,40.5,43.9,45.2,45.4,47.8,51.4
60,64,"Helsingør",48.5,48.5,50.6,50.3,52.1,52.5,53.5,56.4
60,64,"Hillerød",55.6,54.5,55.1,56.9,58.1,60.2,61.2,62.6
60,64,"Hørsholm",59.2,60.7,61.3,62.3,64.1,63.2,63.7,67.2
60,64,"Rudersdal",61.3,61.2,62.3,63.4,63.5,65.8,67.1,67.7
60,64,"Bornholm",32.6,33.2,34.6,35.8,37.2,39.5,41.1,44.8
60,64,"Christiansø",58.3,57.1,61.5,53.8,45.5,42.9,50.0,55.6
60,64,"Greve",48.5,49.1,50.4,52.0,53.0,52.8,55.0,58.5
60,64,"Køge",46.5,45.5,47.7,47.9,49.3,50.4,52.0,56.1
60,64,"Lejre",52.8,53.3,54.7,57.4,57.1,57.7,60.1,61.8
60,64,"Roskilde",50.4,51.3,52.8,55.0,55.8,56.3,58.1,60.0
60,64,"Solrød",50.9,51.7,52.6,53.0,53.8,55.8,57.0,59.1
60,64,"Faxe",44.6,44.6,46.2,47.1,48.0,49.6,52.5,55.4
60,64,"Guldborgsund",37.1,38.0,38.5,39.7,41.2,42.3,44.9,48.5
60,64,"Holbæk",45.1,44.7,46.4,48.1,49.3,50.6,52.9,54.7
60,64,"Kalundborg",41.9,41.7,42.3,44.2,44.0,45.4,46.5,51.3
60,64,"Lolland",34.8,34.4,36.1,36.0,37.5,38.9,41.5,43.3
60,64,"Næstved",43.0,42.7,42.7,43.9,46.1,48.2,50.6,52.9
60,64,"Odsherred",37.1,38.1,38.7,38.5,41.4,43.7,46.0,47.2
60,64,"Ringsted",46.9,46.6,47.7,48.6,49.1,51.5,53.7,55.7
60,64,"Slagelse",41.1,41.0,42.0,43.3,44.4,44.3,46.9,50.7
60,64,"Sorø",48.8,48.5,48.2,49.2,49.1,50.8,54.5,56.8
60,64,"Stevns",46.5,46.2,46.8,49.8,50.8,51.8,54.5,56.1
60,64,"Vordingborg",38.4,38.5,39.6,41.2,41.9,43.3,45.9,49.1
60,64,"Assens",44.2,43.4,43.1,44.2,45.0,45.5,48.7,51.5
60,64,"Faaborg-Midtfyn",45.5,44.2,45.2,44.6,45.3,47.3,50.5,52.6
60,64,"Kerteminde",40.9,41.2,40.5,40.9,41.2,41.4,43.4,48.9
60,64,"Langeland",37.6,37.9,36.7,35.3,36.8,37.4,40.0,41.1
60,64,"Middelfart",43.2,43.6,43.5,44.4,46.6,46.7,49.9,53.4
60,64,"Nordfyns",42.8,42.5,43.8,43.4,43.2,42.6,45.3,49.6
60,64,"Nyborg",39.4,38.7,40.3,38.6,39.3,39.9,43.6,48.0
60,64,"Odense",39.8,40.2,40.5,41.2,41.7,43.3,45.1,48.4
60,64,"Svendborg",39.2,39.5,41.3,42.7,45.1,46.1,48.7,50.5
60,64,"Ærø",35.1,36.2,40.2,41.1,44.0,43.8,45.9,46.2
60,64,"Billund",48.2,48.7,50.7,50.0,52.4,57.5,57.1,59.1
60,64,"Esbjerg",43.0,42.9,43.0,44.2,45.6,46.3,48.4,50.6
60,64,"Fanø",42.6,43.5,48.3,51.9,55.5,53.1,57.5,59.1
60,64,"Fredericia",42.2,40.8,41.9,42.4,43.8,43.8,46.8,50.8
60,64,"Haderslev",44.5,43.6,42.7,44.9,45.2,46.5,48.3,50.4
60,64,"Kolding",45.9,45.4,45.1,46.6,47.5,48.8,50.5,53.6
60,64,"Sønderborg",38.9,37.7,37.6,38.7,40.5,41.9,44.5,45.8
60,64,"Tønder",42.6,42.7,43.1,43.5,44.8,46.9,49.1,52.6
60,64,"Varde",49.8,49.5,50.0,51.8,52.6,53.2,56.7,58.2
60,64,"Vejen",47.2,46.0,46.7,49.3,52.1,52.1,54.4,56.7
60,64,"Vejle",48.3,47.0,47.6,48.2,50.7,51.5,53.7,56.1
60,64,"Aabenraa",41.3,41.2,42.5,43.8,44.9,44.7,46.4,49.8
60,64,"Favrskov",49.2,49.3,50.6,51.9,51.8,52.1,53.7,56.6
60,64,"Hedensted",50.4,47.2,48.9,50.4,50.5,52.6,56.2,59.7
60,64,"Horsens",44.9,44.7,44.5,46.9,47.8,48.8,51.3,53.8
60,64,"Norddjurs",43.7,42.9,43.9,45.6,46.6,47.4,50.0,53.1
60,64,"Odder",46.7,46.3,46.9,47.7,49.0,50.5,53.8,55.8
60,64,"Randers",40.2,40.8,41.7,42.6,43.3,43.3,46.6,50.5
60,64,"Samsø",37.7,39.0,42.2,44.8,44.4,45.9,49.1,50.1
60,64,"Silkeborg",44.0,44.7,45.7,46.7,48.1,49.3,51.6,55.5
60,64,"Skanderborg",50.7,50.1,49.9,52.6,53.2,54.9,57.6,59.4
60,64,"Syddjurs",44.9,44.4,44.8,47.8,49.0,50.5,52.2,54.2
60,64,"Aarhus",46.6,47.0,48.4,49.8,51.1,52.0,53.2,56.0
60,64,"Herning",44.8,44.9,45.3,46.5,47.2,48.3,51.1,52.9
60,64,"Holstebro",45.5,44.6,45.4,46.1,48.0,48.4,51.0,54.8
60,64,"Ikast-Brande",43.0,42.5,43.2,45.2,45.7,47.8,51.7,54.4
60,64,"Lemvig",47.9,46.4,47.7,48.6,49.2,49.4,53.1,56.9
60,64,"Ringkøbing-Skjern",51.3,51.0,50.2,50.2,50.2,50.1,52.2,54.5
60,64,"Skive",42.8,43.0,44.0,45.8,47.9,49.1,50.1,53.8
60,64,"Struer",43.0,40.9,41.6,42.6,44.5,43.3,45.4,47.8
60,64,"Viborg",47.3,48.1,49.5,49.6,51.0,52.0,53.3,56.3
60,64,"Brønderslev",41.9,41.2,42.8,44.9,46.4,46.7,49.9,51.5
60,64,"Frederikshavn",36.9,37.9,38.1,40.7,41.9,43.6,46.4,49.0
60,64,"Hjørring",42.4,42.9,43.5,44.9,45.8,46.3,48.9,51.7
60,64,"Jammerbugt",43.3,41.3,42.2,43.3,43.9,45.0,47.3,50.1
60,64,"Læsø",36.2,38.0,42.8,45.4,46.5,46.6,45.9,42.1
60,64,"Mariagerfjord",42.8,42.3,43.6,45.6,47.4,47.4,49.1,54.2
60,64,"Morsø",42.4,41.5,41.4,41.5,41.4,43.6,46.2,50.3
60,64,"Rebild",48.0,47.3,48.8,51.4,55.0,55.1,57.2,58.6
60,64,"Thisted",46.6,46.2,46.5,45.3,46.6,47.9,50.0,52.3
60,64,"Vesthimmerlands",46.5,44.9,45.8,47.2,47.7,48.3,49.8,53.0
60,64,"Aalborg",40.5,40.5,41.4,43.3,44.5,45.1,47.7,51.2
